exp_name,dataset,model,setup,source_lang,target_lang,seed,metric,score
mslt_en_de_paws_x_xlmr_fft,paws_x,xlmr,fft,en_de,de,4,ece,0.0561174824833869
mslt_en_de_paws_x_xlmr_fft,paws_x,xlmr,fft,en_de,de,4,accuracy,0.8880000114440918
mslt_en_de_paws_x_xlmr_fft,paws_x,xlmr,fft,en_de,en,4,ece,0.030504897236824
mslt_en_de_paws_x_xlmr_fft,paws_x,xlmr,fft,en_de,en,4,accuracy,0.9434999823570251
mslt_en_de_paws_x_xlmr_fft,paws_x,xlmr,fft,en_de,es,4,ece,0.0586945079267025
mslt_en_de_paws_x_xlmr_fft,paws_x,xlmr,fft,en_de,es,4,accuracy,0.8989999890327454
mslt_en_de_paws_x_xlmr_fft,paws_x,xlmr,fft,en_de,fr,4,ece,0.0472376532852649
mslt_en_de_paws_x_xlmr_fft,paws_x,xlmr,fft,en_de,fr,4,accuracy,0.9039999842643738
mslt_en_de_paws_x_xlmr_fft,paws_x,xlmr,fft,en_de,ja,4,ece,0.1180125698447227
mslt_en_de_paws_x_xlmr_fft,paws_x,xlmr,fft,en_de,ja,4,accuracy,0.7835000157356262
mslt_en_de_paws_x_xlmr_fft,paws_x,xlmr,fft,en_de,ko,4,ece,0.1406852751970291
mslt_en_de_paws_x_xlmr_fft,paws_x,xlmr,fft,en_de,ko,4,accuracy,0.7710000276565552
mslt_en_de_paws_x_xlmr_fft,paws_x,xlmr,fft,en_de,zh,4,ece,0.1001183837652206
mslt_en_de_paws_x_xlmr_fft,paws_x,xlmr,fft,en_de,zh,4,accuracy,0.8169999718666077
mslt_en_de_paws_x_xlmr_fft,paws_x,xlmr,fft,en_de,de,1,ece,0.0927543267607688
mslt_en_de_paws_x_xlmr_fft,paws_x,xlmr,fft,en_de,de,1,accuracy,0.8790000081062317
mslt_en_de_paws_x_xlmr_fft,paws_x,xlmr,fft,en_de,en,1,ece,0.0490209534764289
mslt_en_de_paws_x_xlmr_fft,paws_x,xlmr,fft,en_de,en,1,accuracy,0.940500020980835
mslt_en_de_paws_x_xlmr_fft,paws_x,xlmr,fft,en_de,es,1,ece,0.0869980752468109
mslt_en_de_paws_x_xlmr_fft,paws_x,xlmr,fft,en_de,es,1,accuracy,0.890500009059906
mslt_en_de_paws_x_xlmr_fft,paws_x,xlmr,fft,en_de,fr,1,ece,0.0816334933042526
mslt_en_de_paws_x_xlmr_fft,paws_x,xlmr,fft,en_de,fr,1,accuracy,0.8980000019073486
mslt_en_de_paws_x_xlmr_fft,paws_x,xlmr,fft,en_de,ja,1,ece,0.174753189086914
mslt_en_de_paws_x_xlmr_fft,paws_x,xlmr,fft,en_de,ja,1,accuracy,0.781000018119812
mslt_en_de_paws_x_xlmr_fft,paws_x,xlmr,fft,en_de,ko,1,ece,0.1860670894384384
mslt_en_de_paws_x_xlmr_fft,paws_x,xlmr,fft,en_de,ko,1,accuracy,0.7749999761581421
mslt_en_de_paws_x_xlmr_fft,paws_x,xlmr,fft,en_de,zh,1,ece,0.1494236290454864
mslt_en_de_paws_x_xlmr_fft,paws_x,xlmr,fft,en_de,zh,1,accuracy,0.8144999742507935
mslt_en_de_paws_x_xlmr_fft,paws_x,xlmr,fft,en_de,de,0,ece,0.0752095803618431
mslt_en_de_paws_x_xlmr_fft,paws_x,xlmr,fft,en_de,de,0,accuracy,0.890999972820282
mslt_en_de_paws_x_xlmr_fft,paws_x,xlmr,fft,en_de,en,0,ece,0.0379434674978256
mslt_en_de_paws_x_xlmr_fft,paws_x,xlmr,fft,en_de,en,0,accuracy,0.9459999799728394
mslt_en_de_paws_x_xlmr_fft,paws_x,xlmr,fft,en_de,es,0,ece,0.0783007964491844
mslt_en_de_paws_x_xlmr_fft,paws_x,xlmr,fft,en_de,es,0,accuracy,0.8880000114440918
mslt_en_de_paws_x_xlmr_fft,paws_x,xlmr,fft,en_de,fr,0,ece,0.0737446695566177
mslt_en_de_paws_x_xlmr_fft,paws_x,xlmr,fft,en_de,fr,0,accuracy,0.8960000276565552
mslt_en_de_paws_x_xlmr_fft,paws_x,xlmr,fft,en_de,ja,0,ece,0.1543407291173935
mslt_en_de_paws_x_xlmr_fft,paws_x,xlmr,fft,en_de,ja,0,accuracy,0.7804999947547913
mslt_en_de_paws_x_xlmr_fft,paws_x,xlmr,fft,en_de,ko,0,ece,0.1674710363149643
mslt_en_de_paws_x_xlmr_fft,paws_x,xlmr,fft,en_de,ko,0,accuracy,0.7754999995231628
mslt_en_de_paws_x_xlmr_fft,paws_x,xlmr,fft,en_de,zh,0,ece,0.1370521187782287
mslt_en_de_paws_x_xlmr_fft,paws_x,xlmr,fft,en_de,zh,0,accuracy,0.8220000267028809
mslt_en_de_paws_x_xlmr_fft,paws_x,xlmr,fft,en_de,de,2,ece,0.068092942237854
mslt_en_de_paws_x_xlmr_fft,paws_x,xlmr,fft,en_de,de,2,accuracy,0.8840000033378601
mslt_en_de_paws_x_xlmr_fft,paws_x,xlmr,fft,en_de,en,2,ece,0.0326183326542377
mslt_en_de_paws_x_xlmr_fft,paws_x,xlmr,fft,en_de,en,2,accuracy,0.94650000333786
mslt_en_de_paws_x_xlmr_fft,paws_x,xlmr,fft,en_de,es,2,ece,0.0667506009340286
mslt_en_de_paws_x_xlmr_fft,paws_x,xlmr,fft,en_de,es,2,accuracy,0.9010000228881836
mslt_en_de_paws_x_xlmr_fft,paws_x,xlmr,fft,en_de,fr,2,ece,0.0561688207089901
mslt_en_de_paws_x_xlmr_fft,paws_x,xlmr,fft,en_de,fr,2,accuracy,0.9035000205039978
mslt_en_de_paws_x_xlmr_fft,paws_x,xlmr,fft,en_de,ja,2,ece,0.150184154510498
mslt_en_de_paws_x_xlmr_fft,paws_x,xlmr,fft,en_de,ja,2,accuracy,0.7714999914169312
mslt_en_de_paws_x_xlmr_fft,paws_x,xlmr,fft,en_de,ko,2,ece,0.1564036011695861
mslt_en_de_paws_x_xlmr_fft,paws_x,xlmr,fft,en_de,ko,2,accuracy,0.7760000228881836
mslt_en_de_paws_x_xlmr_fft,paws_x,xlmr,fft,en_de,zh,2,ece,0.1159983724355697
mslt_en_de_paws_x_xlmr_fft,paws_x,xlmr,fft,en_de,zh,2,accuracy,0.8190000057220459
mslt_en_de_paws_x_xlmr_fft,paws_x,xlmr,fft,en_de,de,3,ece,0.0708799660205841
mslt_en_de_paws_x_xlmr_fft,paws_x,xlmr,fft,en_de,de,3,accuracy,0.8790000081062317
mslt_en_de_paws_x_xlmr_fft,paws_x,xlmr,fft,en_de,en,3,ece,0.0347718447446823
mslt_en_de_paws_x_xlmr_fft,paws_x,xlmr,fft,en_de,en,3,accuracy,0.9394999742507936
mslt_en_de_paws_x_xlmr_fft,paws_x,xlmr,fft,en_de,es,3,ece,0.0649838224053382
mslt_en_de_paws_x_xlmr_fft,paws_x,xlmr,fft,en_de,es,3,accuracy,0.8945000171661377
mslt_en_de_paws_x_xlmr_fft,paws_x,xlmr,fft,en_de,fr,3,ece,0.0590732507407665
mslt_en_de_paws_x_xlmr_fft,paws_x,xlmr,fft,en_de,fr,3,accuracy,0.8999999761581421
mslt_en_de_paws_x_xlmr_fft,paws_x,xlmr,fft,en_de,ja,3,ece,0.1475793719291687
mslt_en_de_paws_x_xlmr_fft,paws_x,xlmr,fft,en_de,ja,3,accuracy,0.7754999995231628
mslt_en_de_paws_x_xlmr_fft,paws_x,xlmr,fft,en_de,ko,3,ece,0.1505641639232635
mslt_en_de_paws_x_xlmr_fft,paws_x,xlmr,fft,en_de,ko,3,accuracy,0.7699999809265137
mslt_en_de_paws_x_xlmr_fft,paws_x,xlmr,fft,en_de,zh,3,ece,0.121433600783348
mslt_en_de_paws_x_xlmr_fft,paws_x,xlmr,fft,en_de,zh,3,accuracy,0.8105000257492065
mslt_en_zh_paws_x_mbert_fft,paws_x,mbert,fft,en_zh,de,4,ece,0.103603184223175
mslt_en_zh_paws_x_mbert_fft,paws_x,mbert,fft,en_zh,de,4,accuracy,0.862500011920929
mslt_en_zh_paws_x_mbert_fft,paws_x,mbert,fft,en_zh,en,4,ece,0.0515331327915191
mslt_en_zh_paws_x_mbert_fft,paws_x,mbert,fft,en_zh,en,4,accuracy,0.934499979019165
mslt_en_zh_paws_x_mbert_fft,paws_x,mbert,fft,en_zh,es,4,ece,0.0882748514413833
mslt_en_zh_paws_x_mbert_fft,paws_x,mbert,fft,en_zh,es,4,accuracy,0.8824999928474426
mslt_en_zh_paws_x_mbert_fft,paws_x,mbert,fft,en_zh,fr,4,ece,0.0811815559864044
mslt_en_zh_paws_x_mbert_fft,paws_x,mbert,fft,en_zh,fr,4,accuracy,0.8840000033378601
mslt_en_zh_paws_x_mbert_fft,paws_x,mbert,fft,en_zh,ja,4,ece,0.1521600186824798
mslt_en_zh_paws_x_mbert_fft,paws_x,mbert,fft,en_zh,ja,4,accuracy,0.784500002861023
mslt_en_zh_paws_x_mbert_fft,paws_x,mbert,fft,en_zh,ko,4,ece,0.1678098887205124
mslt_en_zh_paws_x_mbert_fft,paws_x,mbert,fft,en_zh,ko,4,accuracy,0.7714999914169312
mslt_en_zh_paws_x_mbert_fft,paws_x,mbert,fft,en_zh,zh,4,ece,0.1328071355819702
mslt_en_zh_paws_x_mbert_fft,paws_x,mbert,fft,en_zh,zh,4,accuracy,0.8274999856948853
mslt_en_zh_paws_x_mbert_fft,paws_x,mbert,fft,en_zh,de,1,ece,0.0979304835200309
mslt_en_zh_paws_x_mbert_fft,paws_x,mbert,fft,en_zh,de,1,accuracy,0.8730000257492065
mslt_en_zh_paws_x_mbert_fft,paws_x,mbert,fft,en_zh,en,1,ece,0.0527819544076919
mslt_en_zh_paws_x_mbert_fft,paws_x,mbert,fft,en_zh,en,1,accuracy,0.9380000233650208
mslt_en_zh_paws_x_mbert_fft,paws_x,mbert,fft,en_zh,es,1,ece,0.0927194729447364
mslt_en_zh_paws_x_mbert_fft,paws_x,mbert,fft,en_zh,es,1,accuracy,0.8840000033378601
mslt_en_zh_paws_x_mbert_fft,paws_x,mbert,fft,en_zh,fr,1,ece,0.090476281940937
mslt_en_zh_paws_x_mbert_fft,paws_x,mbert,fft,en_zh,fr,1,accuracy,0.887499988079071
mslt_en_zh_paws_x_mbert_fft,paws_x,mbert,fft,en_zh,ja,1,ece,0.1630215793848037
mslt_en_zh_paws_x_mbert_fft,paws_x,mbert,fft,en_zh,ja,1,accuracy,0.800000011920929
mslt_en_zh_paws_x_mbert_fft,paws_x,mbert,fft,en_zh,ko,1,ece,0.1776087880134582
mslt_en_zh_paws_x_mbert_fft,paws_x,mbert,fft,en_zh,ko,1,accuracy,0.7774999737739563
mslt_en_zh_paws_x_mbert_fft,paws_x,mbert,fft,en_zh,zh,1,ece,0.1391629427671432
mslt_en_zh_paws_x_mbert_fft,paws_x,mbert,fft,en_zh,zh,1,accuracy,0.8314999938011169
mslt_en_zh_paws_x_mbert_fft,paws_x,mbert,fft,en_zh,de,0,ece,0.119636058807373
mslt_en_zh_paws_x_mbert_fft,paws_x,mbert,fft,en_zh,de,0,accuracy,0.8539999723434448
mslt_en_zh_paws_x_mbert_fft,paws_x,mbert,fft,en_zh,en,0,ece,0.0532134547829628
mslt_en_zh_paws_x_mbert_fft,paws_x,mbert,fft,en_zh,en,0,accuracy,0.9359999895095824
mslt_en_zh_paws_x_mbert_fft,paws_x,mbert,fft,en_zh,es,0,ece,0.0896495282649993
mslt_en_zh_paws_x_mbert_fft,paws_x,mbert,fft,en_zh,es,0,accuracy,0.8845000267028809
mslt_en_zh_paws_x_mbert_fft,paws_x,mbert,fft,en_zh,fr,0,ece,0.100707858800888
mslt_en_zh_paws_x_mbert_fft,paws_x,mbert,fft,en_zh,fr,0,accuracy,0.8765000104904175
mslt_en_zh_paws_x_mbert_fft,paws_x,mbert,fft,en_zh,ja,0,ece,0.176388993859291
mslt_en_zh_paws_x_mbert_fft,paws_x,mbert,fft,en_zh,ja,0,accuracy,0.7745000123977661
mslt_en_zh_paws_x_mbert_fft,paws_x,mbert,fft,en_zh,ko,0,ece,0.1818030923604965
mslt_en_zh_paws_x_mbert_fft,paws_x,mbert,fft,en_zh,ko,0,accuracy,0.7730000019073486
mslt_en_zh_paws_x_mbert_fft,paws_x,mbert,fft,en_zh,zh,0,ece,0.1265734881162643
mslt_en_zh_paws_x_mbert_fft,paws_x,mbert,fft,en_zh,zh,0,accuracy,0.8410000205039978
mslt_en_zh_paws_x_mbert_fft,paws_x,mbert,fft,en_zh,de,2,ece,0.0495987460017204
mslt_en_zh_paws_x_mbert_fft,paws_x,mbert,fft,en_zh,de,2,accuracy,0.8634999990463257
mslt_en_zh_paws_x_mbert_fft,paws_x,mbert,fft,en_zh,en,2,ece,0.0226139817386865
mslt_en_zh_paws_x_mbert_fft,paws_x,mbert,fft,en_zh,en,2,accuracy,0.9319999814033508
mslt_en_zh_paws_x_mbert_fft,paws_x,mbert,fft,en_zh,es,2,ece,0.0329402424395084
mslt_en_zh_paws_x_mbert_fft,paws_x,mbert,fft,en_zh,es,2,accuracy,0.887499988079071
mslt_en_zh_paws_x_mbert_fft,paws_x,mbert,fft,en_zh,fr,2,ece,0.02513905800879
mslt_en_zh_paws_x_mbert_fft,paws_x,mbert,fft,en_zh,fr,2,accuracy,0.8824999928474426
mslt_en_zh_paws_x_mbert_fft,paws_x,mbert,fft,en_zh,ja,2,ece,0.0589969009160995
mslt_en_zh_paws_x_mbert_fft,paws_x,mbert,fft,en_zh,ja,2,accuracy,0.7850000262260437
mslt_en_zh_paws_x_mbert_fft,paws_x,mbert,fft,en_zh,ko,2,ece,0.070086121559143
mslt_en_zh_paws_x_mbert_fft,paws_x,mbert,fft,en_zh,ko,2,accuracy,0.781000018119812
mslt_en_zh_paws_x_mbert_fft,paws_x,mbert,fft,en_zh,zh,2,ece,0.0545416846871376
mslt_en_zh_paws_x_mbert_fft,paws_x,mbert,fft,en_zh,zh,2,accuracy,0.8335000276565552
mslt_en_zh_paws_x_mbert_fft,paws_x,mbert,fft,en_zh,de,3,ece,0.0854198634624481
mslt_en_zh_paws_x_mbert_fft,paws_x,mbert,fft,en_zh,de,3,accuracy,0.8619999885559082
mslt_en_zh_paws_x_mbert_fft,paws_x,mbert,fft,en_zh,en,3,ece,0.0393303334712982
mslt_en_zh_paws_x_mbert_fft,paws_x,mbert,fft,en_zh,en,3,accuracy,0.9415000081062316
mslt_en_zh_paws_x_mbert_fft,paws_x,mbert,fft,en_zh,es,3,ece,0.0830236226320266
mslt_en_zh_paws_x_mbert_fft,paws_x,mbert,fft,en_zh,es,3,accuracy,0.875
mslt_en_zh_paws_x_mbert_fft,paws_x,mbert,fft,en_zh,fr,3,ece,0.0782342404127121
mslt_en_zh_paws_x_mbert_fft,paws_x,mbert,fft,en_zh,fr,3,accuracy,0.8805000185966492
mslt_en_zh_paws_x_mbert_fft,paws_x,mbert,fft,en_zh,ja,3,ece,0.1393158286809921
mslt_en_zh_paws_x_mbert_fft,paws_x,mbert,fft,en_zh,ja,3,accuracy,0.781499981880188
mslt_en_zh_paws_x_mbert_fft,paws_x,mbert,fft,en_zh,ko,3,ece,0.1399110108613968
mslt_en_zh_paws_x_mbert_fft,paws_x,mbert,fft,en_zh,ko,3,accuracy,0.777999997138977
mslt_en_zh_paws_x_mbert_fft,paws_x,mbert,fft,en_zh,zh,3,ece,0.1188517585396766
mslt_en_zh_paws_x_mbert_fft,paws_x,mbert,fft,en_zh,zh,3,accuracy,0.8299999833106995
mslt_en_ko_paws_x_mbert_fft,paws_x,mbert,fft,en_ko,de,4,ece,0.1123399585485458
mslt_en_ko_paws_x_mbert_fft,paws_x,mbert,fft,en_ko,de,4,accuracy,0.8604999780654907
mslt_en_ko_paws_x_mbert_fft,paws_x,mbert,fft,en_ko,en,4,ece,0.0577856302261352
mslt_en_ko_paws_x_mbert_fft,paws_x,mbert,fft,en_ko,en,4,accuracy,0.9304999709129332
mslt_en_ko_paws_x_mbert_fft,paws_x,mbert,fft,en_ko,es,4,ece,0.0919253751635551
mslt_en_ko_paws_x_mbert_fft,paws_x,mbert,fft,en_ko,es,4,accuracy,0.8849999904632568
mslt_en_ko_paws_x_mbert_fft,paws_x,mbert,fft,en_ko,fr,4,ece,0.0895600542426109
mslt_en_ko_paws_x_mbert_fft,paws_x,mbert,fft,en_ko,fr,4,accuracy,0.8849999904632568
mslt_en_ko_paws_x_mbert_fft,paws_x,mbert,fft,en_ko,ja,4,ece,0.1583312600851059
mslt_en_ko_paws_x_mbert_fft,paws_x,mbert,fft,en_ko,ja,4,accuracy,0.8025000095367432
mslt_en_ko_paws_x_mbert_fft,paws_x,mbert,fft,en_ko,ko,4,ece,0.1745712012052536
mslt_en_ko_paws_x_mbert_fft,paws_x,mbert,fft,en_ko,ko,4,accuracy,0.7875000238418579
mslt_en_ko_paws_x_mbert_fft,paws_x,mbert,fft,en_ko,zh,4,ece,0.135344922542572
mslt_en_ko_paws_x_mbert_fft,paws_x,mbert,fft,en_ko,zh,4,accuracy,0.8259999752044678
mslt_en_ko_paws_x_mbert_fft,paws_x,mbert,fft,en_ko,de,1,ece,0.107795313000679
mslt_en_ko_paws_x_mbert_fft,paws_x,mbert,fft,en_ko,de,1,accuracy,0.862500011920929
mslt_en_ko_paws_x_mbert_fft,paws_x,mbert,fft,en_ko,en,1,ece,0.0477231964468956
mslt_en_ko_paws_x_mbert_fft,paws_x,mbert,fft,en_ko,en,1,accuracy,0.9399999976158142
mslt_en_ko_paws_x_mbert_fft,paws_x,mbert,fft,en_ko,es,1,ece,0.0939657166600227
mslt_en_ko_paws_x_mbert_fft,paws_x,mbert,fft,en_ko,es,1,accuracy,0.8794999718666077
mslt_en_ko_paws_x_mbert_fft,paws_x,mbert,fft,en_ko,fr,1,ece,0.0913122743368148
mslt_en_ko_paws_x_mbert_fft,paws_x,mbert,fft,en_ko,fr,1,accuracy,0.8840000033378601
mslt_en_ko_paws_x_mbert_fft,paws_x,mbert,fft,en_ko,ja,1,ece,0.1562742292881012
mslt_en_ko_paws_x_mbert_fft,paws_x,mbert,fft,en_ko,ja,1,accuracy,0.8050000071525574
mslt_en_ko_paws_x_mbert_fft,paws_x,mbert,fft,en_ko,ko,1,ece,0.1777307391166687
mslt_en_ko_paws_x_mbert_fft,paws_x,mbert,fft,en_ko,ko,1,accuracy,0.7870000004768372
mslt_en_ko_paws_x_mbert_fft,paws_x,mbert,fft,en_ko,zh,1,ece,0.1299371868371963
mslt_en_ko_paws_x_mbert_fft,paws_x,mbert,fft,en_ko,zh,1,accuracy,0.8305000066757202
mslt_en_ko_paws_x_mbert_fft,paws_x,mbert,fft,en_ko,de,0,ece,0.0731880292296409
mslt_en_ko_paws_x_mbert_fft,paws_x,mbert,fft,en_ko,de,0,accuracy,0.8634999990463257
mslt_en_ko_paws_x_mbert_fft,paws_x,mbert,fft,en_ko,en,0,ece,0.0312318168580532
mslt_en_ko_paws_x_mbert_fft,paws_x,mbert,fft,en_ko,en,0,accuracy,0.944000005722046
mslt_en_ko_paws_x_mbert_fft,paws_x,mbert,fft,en_ko,es,0,ece,0.061465285718441
mslt_en_ko_paws_x_mbert_fft,paws_x,mbert,fft,en_ko,es,0,accuracy,0.8840000033378601
mslt_en_ko_paws_x_mbert_fft,paws_x,mbert,fft,en_ko,fr,0,ece,0.0524308532476425
mslt_en_ko_paws_x_mbert_fft,paws_x,mbert,fft,en_ko,fr,0,accuracy,0.8889999985694885
mslt_en_ko_paws_x_mbert_fft,paws_x,mbert,fft,en_ko,ja,0,ece,0.1073661297559738
mslt_en_ko_paws_x_mbert_fft,paws_x,mbert,fft,en_ko,ja,0,accuracy,0.7950000166893005
mslt_en_ko_paws_x_mbert_fft,paws_x,mbert,fft,en_ko,ko,0,ece,0.1044022142887115
mslt_en_ko_paws_x_mbert_fft,paws_x,mbert,fft,en_ko,ko,0,accuracy,0.7954999804496765
mslt_en_ko_paws_x_mbert_fft,paws_x,mbert,fft,en_ko,zh,0,ece,0.0981109365820884
mslt_en_ko_paws_x_mbert_fft,paws_x,mbert,fft,en_ko,zh,0,accuracy,0.8215000033378601
mslt_en_ko_paws_x_mbert_fft,paws_x,mbert,fft,en_ko,de,2,ece,0.0299571268260478
mslt_en_ko_paws_x_mbert_fft,paws_x,mbert,fft,en_ko,de,2,accuracy,0.8705000281333923
mslt_en_ko_paws_x_mbert_fft,paws_x,mbert,fft,en_ko,en,2,ece,0.0151923364028334
mslt_en_ko_paws_x_mbert_fft,paws_x,mbert,fft,en_ko,en,2,accuracy,0.9334999918937684
mslt_en_ko_paws_x_mbert_fft,paws_x,mbert,fft,en_ko,es,2,ece,0.0300020538270473
mslt_en_ko_paws_x_mbert_fft,paws_x,mbert,fft,en_ko,es,2,accuracy,0.8774999976158142
mslt_en_ko_paws_x_mbert_fft,paws_x,mbert,fft,en_ko,fr,2,ece,0.0198941826820373
mslt_en_ko_paws_x_mbert_fft,paws_x,mbert,fft,en_ko,fr,2,accuracy,0.8824999928474426
mslt_en_ko_paws_x_mbert_fft,paws_x,mbert,fft,en_ko,ja,2,ece,0.0536277666687965
mslt_en_ko_paws_x_mbert_fft,paws_x,mbert,fft,en_ko,ja,2,accuracy,0.8034999966621399
mslt_en_ko_paws_x_mbert_fft,paws_x,mbert,fft,en_ko,ko,2,ece,0.0651825070381164
mslt_en_ko_paws_x_mbert_fft,paws_x,mbert,fft,en_ko,ko,2,accuracy,0.7839999794960022
mslt_en_ko_paws_x_mbert_fft,paws_x,mbert,fft,en_ko,zh,2,ece,0.0507604479789733
mslt_en_ko_paws_x_mbert_fft,paws_x,mbert,fft,en_ko,zh,2,accuracy,0.8205000162124634
mslt_en_ko_paws_x_mbert_fft,paws_x,mbert,fft,en_ko,de,3,ece,0.0900305211544036
mslt_en_ko_paws_x_mbert_fft,paws_x,mbert,fft,en_ko,de,3,accuracy,0.8604999780654907
mslt_en_ko_paws_x_mbert_fft,paws_x,mbert,fft,en_ko,en,3,ece,0.0503131113946437
mslt_en_ko_paws_x_mbert_fft,paws_x,mbert,fft,en_ko,en,3,accuracy,0.92849999666214
mslt_en_ko_paws_x_mbert_fft,paws_x,mbert,fft,en_ko,es,3,ece,0.0745221227407455
mslt_en_ko_paws_x_mbert_fft,paws_x,mbert,fft,en_ko,es,3,accuracy,0.8859999775886536
mslt_en_ko_paws_x_mbert_fft,paws_x,mbert,fft,en_ko,fr,3,ece,0.0745735540986061
mslt_en_ko_paws_x_mbert_fft,paws_x,mbert,fft,en_ko,fr,3,accuracy,0.8790000081062317
mslt_en_ko_paws_x_mbert_fft,paws_x,mbert,fft,en_ko,ja,3,ece,0.1332069784402847
mslt_en_ko_paws_x_mbert_fft,paws_x,mbert,fft,en_ko,ja,3,accuracy,0.7950000166893005
mslt_en_ko_paws_x_mbert_fft,paws_x,mbert,fft,en_ko,ko,3,ece,0.1591901183128357
mslt_en_ko_paws_x_mbert_fft,paws_x,mbert,fft,en_ko,ko,3,accuracy,0.7829999923706055
mslt_en_ko_paws_x_mbert_fft,paws_x,mbert,fft,en_ko,zh,3,ece,0.1227844581007957
mslt_en_ko_paws_x_mbert_fft,paws_x,mbert,fft,en_ko,zh,3,accuracy,0.8274999856948853
mslt_en_ko_paws_x_xlmr_fft,paws_x,xlmr,fft,en_ko,de,4,ece,0.0799154713749885
mslt_en_ko_paws_x_xlmr_fft,paws_x,xlmr,fft,en_ko,de,4,accuracy,0.8730000257492065
mslt_en_ko_paws_x_xlmr_fft,paws_x,xlmr,fft,en_ko,en,4,ece,0.0344718918204307
mslt_en_ko_paws_x_xlmr_fft,paws_x,xlmr,fft,en_ko,en,4,accuracy,0.9430000185966492
mslt_en_ko_paws_x_xlmr_fft,paws_x,xlmr,fft,en_ko,es,4,ece,0.0758452340960502
mslt_en_ko_paws_x_xlmr_fft,paws_x,xlmr,fft,en_ko,es,4,accuracy,0.8859999775886536
mslt_en_ko_paws_x_xlmr_fft,paws_x,xlmr,fft,en_ko,fr,4,ece,0.067555196583271
mslt_en_ko_paws_x_xlmr_fft,paws_x,xlmr,fft,en_ko,fr,4,accuracy,0.8899999856948853
mslt_en_ko_paws_x_xlmr_fft,paws_x,xlmr,fft,en_ko,ja,4,ece,0.1115843653678894
mslt_en_ko_paws_x_xlmr_fft,paws_x,xlmr,fft,en_ko,ja,4,accuracy,0.796999990940094
mslt_en_ko_paws_x_xlmr_fft,paws_x,xlmr,fft,en_ko,ko,4,ece,0.1187076121568679
mslt_en_ko_paws_x_xlmr_fft,paws_x,xlmr,fft,en_ko,ko,4,accuracy,0.7935000061988831
mslt_en_ko_paws_x_xlmr_fft,paws_x,xlmr,fft,en_ko,zh,4,ece,0.1131483986973762
mslt_en_ko_paws_x_xlmr_fft,paws_x,xlmr,fft,en_ko,zh,4,accuracy,0.8199999928474426
mslt_en_ko_paws_x_xlmr_fft,paws_x,xlmr,fft,en_ko,de,1,ece,0.0706846714019775
mslt_en_ko_paws_x_xlmr_fft,paws_x,xlmr,fft,en_ko,de,1,accuracy,0.8740000128746033
mslt_en_ko_paws_x_xlmr_fft,paws_x,xlmr,fft,en_ko,en,1,ece,0.0374548397958278
mslt_en_ko_paws_x_xlmr_fft,paws_x,xlmr,fft,en_ko,en,1,accuracy,0.9419999718666076
mslt_en_ko_paws_x_xlmr_fft,paws_x,xlmr,fft,en_ko,es,1,ece,0.0621076077222824
mslt_en_ko_paws_x_xlmr_fft,paws_x,xlmr,fft,en_ko,es,1,accuracy,0.8849999904632568
mslt_en_ko_paws_x_xlmr_fft,paws_x,xlmr,fft,en_ko,fr,1,ece,0.0567996650934219
mslt_en_ko_paws_x_xlmr_fft,paws_x,xlmr,fft,en_ko,fr,1,accuracy,0.8924999833106995
mslt_en_ko_paws_x_xlmr_fft,paws_x,xlmr,fft,en_ko,ja,1,ece,0.1157262921333313
mslt_en_ko_paws_x_xlmr_fft,paws_x,xlmr,fft,en_ko,ja,1,accuracy,0.7940000295639038
mslt_en_ko_paws_x_xlmr_fft,paws_x,xlmr,fft,en_ko,ko,1,ece,0.114609882235527
mslt_en_ko_paws_x_xlmr_fft,paws_x,xlmr,fft,en_ko,ko,1,accuracy,0.8019999861717224
mslt_en_ko_paws_x_xlmr_fft,paws_x,xlmr,fft,en_ko,zh,1,ece,0.1033738255500793
mslt_en_ko_paws_x_xlmr_fft,paws_x,xlmr,fft,en_ko,zh,1,accuracy,0.8230000138282776
mslt_en_ko_paws_x_xlmr_fft,paws_x,xlmr,fft,en_ko,de,0,ece,0.0294431522488594
mslt_en_ko_paws_x_xlmr_fft,paws_x,xlmr,fft,en_ko,de,0,accuracy,0.8709999918937683
mslt_en_ko_paws_x_xlmr_fft,paws_x,xlmr,fft,en_ko,en,0,ece,0.0129044232890009
mslt_en_ko_paws_x_xlmr_fft,paws_x,xlmr,fft,en_ko,en,0,accuracy,0.9369999766349792
mslt_en_ko_paws_x_xlmr_fft,paws_x,xlmr,fft,en_ko,es,0,ece,0.0317279547452926
mslt_en_ko_paws_x_xlmr_fft,paws_x,xlmr,fft,en_ko,es,0,accuracy,0.8799999952316284
mslt_en_ko_paws_x_xlmr_fft,paws_x,xlmr,fft,en_ko,fr,0,ece,0.0174818467348814
mslt_en_ko_paws_x_xlmr_fft,paws_x,xlmr,fft,en_ko,fr,0,accuracy,0.8955000042915344
mslt_en_ko_paws_x_xlmr_fft,paws_x,xlmr,fft,en_ko,ja,0,ece,0.0387052148580551
mslt_en_ko_paws_x_xlmr_fft,paws_x,xlmr,fft,en_ko,ja,0,accuracy,0.8019999861717224
mslt_en_ko_paws_x_xlmr_fft,paws_x,xlmr,fft,en_ko,ko,0,ece,0.0481927543878555
mslt_en_ko_paws_x_xlmr_fft,paws_x,xlmr,fft,en_ko,ko,0,accuracy,0.8050000071525574
mslt_en_ko_paws_x_xlmr_fft,paws_x,xlmr,fft,en_ko,zh,0,ece,0.037735641002655
mslt_en_ko_paws_x_xlmr_fft,paws_x,xlmr,fft,en_ko,zh,0,accuracy,0.8205000162124634
mslt_en_ko_paws_x_xlmr_fft,paws_x,xlmr,fft,en_ko,de,2,ece,0.0973939597606659
mslt_en_ko_paws_x_xlmr_fft,paws_x,xlmr,fft,en_ko,de,2,accuracy,0.8700000047683716
mslt_en_ko_paws_x_xlmr_fft,paws_x,xlmr,fft,en_ko,en,2,ece,0.0454097278416156
mslt_en_ko_paws_x_xlmr_fft,paws_x,xlmr,fft,en_ko,en,2,accuracy,0.9365000128746032
mslt_en_ko_paws_x_xlmr_fft,paws_x,xlmr,fft,en_ko,es,2,ece,0.0864672362804412
mslt_en_ko_paws_x_xlmr_fft,paws_x,xlmr,fft,en_ko,es,2,accuracy,0.8830000162124634
mslt_en_ko_paws_x_xlmr_fft,paws_x,xlmr,fft,en_ko,fr,2,ece,0.0770125091075897
mslt_en_ko_paws_x_xlmr_fft,paws_x,xlmr,fft,en_ko,fr,2,accuracy,0.8964999914169312
mslt_en_ko_paws_x_xlmr_fft,paws_x,xlmr,fft,en_ko,ja,2,ece,0.1485909074544906
mslt_en_ko_paws_x_xlmr_fft,paws_x,xlmr,fft,en_ko,ja,2,accuracy,0.7954999804496765
mslt_en_ko_paws_x_xlmr_fft,paws_x,xlmr,fft,en_ko,ko,2,ece,0.1600629091262817
mslt_en_ko_paws_x_xlmr_fft,paws_x,xlmr,fft,en_ko,ko,2,accuracy,0.7929999828338623
mslt_en_ko_paws_x_xlmr_fft,paws_x,xlmr,fft,en_ko,zh,2,ece,0.119675375521183
mslt_en_ko_paws_x_xlmr_fft,paws_x,xlmr,fft,en_ko,zh,2,accuracy,0.8399999737739563
mslt_en_ko_paws_x_xlmr_fft,paws_x,xlmr,fft,en_ko,de,3,ece,0.0906271114945411
mslt_en_ko_paws_x_xlmr_fft,paws_x,xlmr,fft,en_ko,de,3,accuracy,0.8650000095367432
mslt_en_ko_paws_x_xlmr_fft,paws_x,xlmr,fft,en_ko,en,3,ece,0.0480989925563335
mslt_en_ko_paws_x_xlmr_fft,paws_x,xlmr,fft,en_ko,en,3,accuracy,0.9304999709129332
mslt_en_ko_paws_x_xlmr_fft,paws_x,xlmr,fft,en_ko,es,3,ece,0.0873150676488876
mslt_en_ko_paws_x_xlmr_fft,paws_x,xlmr,fft,en_ko,es,3,accuracy,0.8725000023841858
mslt_en_ko_paws_x_xlmr_fft,paws_x,xlmr,fft,en_ko,fr,3,ece,0.0823456496000289
mslt_en_ko_paws_x_xlmr_fft,paws_x,xlmr,fft,en_ko,fr,3,accuracy,0.8794999718666077
mslt_en_ko_paws_x_xlmr_fft,paws_x,xlmr,fft,en_ko,ja,3,ece,0.1516001522541046
mslt_en_ko_paws_x_xlmr_fft,paws_x,xlmr,fft,en_ko,ja,3,accuracy,0.7735000252723694
mslt_en_ko_paws_x_xlmr_fft,paws_x,xlmr,fft,en_ko,ko,3,ece,0.1365193724632263
mslt_en_ko_paws_x_xlmr_fft,paws_x,xlmr,fft,en_ko,ko,3,accuracy,0.7854999899864197
mslt_en_ko_paws_x_xlmr_fft,paws_x,xlmr,fft,en_ko,zh,3,ece,0.1341318786144256
mslt_en_ko_paws_x_xlmr_fft,paws_x,xlmr,fft,en_ko,zh,3,accuracy,0.8084999918937683
mslt_en_zh_paws_x_xlmr_fft,paws_x,xlmr,fft,en_zh,de,4,ece,0.0884346514940261
mslt_en_zh_paws_x_xlmr_fft,paws_x,xlmr,fft,en_zh,de,4,accuracy,0.8774999976158142
mslt_en_zh_paws_x_xlmr_fft,paws_x,xlmr,fft,en_zh,en,4,ece,0.0436019003391265
mslt_en_zh_paws_x_xlmr_fft,paws_x,xlmr,fft,en_zh,en,4,accuracy,0.940500020980835
mslt_en_zh_paws_x_xlmr_fft,paws_x,xlmr,fft,en_zh,es,4,ece,0.0864712744951248
mslt_en_zh_paws_x_xlmr_fft,paws_x,xlmr,fft,en_zh,es,4,accuracy,0.8840000033378601
mslt_en_zh_paws_x_xlmr_fft,paws_x,xlmr,fft,en_zh,fr,4,ece,0.0669906660914421
mslt_en_zh_paws_x_xlmr_fft,paws_x,xlmr,fft,en_zh,fr,4,accuracy,0.8985000252723694
mslt_en_zh_paws_x_xlmr_fft,paws_x,xlmr,fft,en_zh,ja,4,ece,0.157311350107193
mslt_en_zh_paws_x_xlmr_fft,paws_x,xlmr,fft,en_zh,ja,4,accuracy,0.7904999852180481
mslt_en_zh_paws_x_xlmr_fft,paws_x,xlmr,fft,en_zh,ko,4,ece,0.1571128070354461
mslt_en_zh_paws_x_xlmr_fft,paws_x,xlmr,fft,en_zh,ko,4,accuracy,0.796500027179718
mslt_en_zh_paws_x_xlmr_fft,paws_x,xlmr,fft,en_zh,zh,4,ece,0.1324238181114196
mslt_en_zh_paws_x_xlmr_fft,paws_x,xlmr,fft,en_zh,zh,4,accuracy,0.8305000066757202
mslt_en_zh_paws_x_xlmr_fft,paws_x,xlmr,fft,en_zh,de,1,ece,0.1050550937652587
mslt_en_zh_paws_x_xlmr_fft,paws_x,xlmr,fft,en_zh,de,1,accuracy,0.8705000281333923
mslt_en_zh_paws_x_xlmr_fft,paws_x,xlmr,fft,en_zh,en,1,ece,0.0427099540829658
mslt_en_zh_paws_x_xlmr_fft,paws_x,xlmr,fft,en_zh,en,1,accuracy,0.9490000009536744
mslt_en_zh_paws_x_xlmr_fft,paws_x,xlmr,fft,en_zh,es,1,ece,0.0899263322353363
mslt_en_zh_paws_x_xlmr_fft,paws_x,xlmr,fft,en_zh,es,1,accuracy,0.887499988079071
mslt_en_zh_paws_x_xlmr_fft,paws_x,xlmr,fft,en_zh,fr,1,ece,0.0836255475878715
mslt_en_zh_paws_x_xlmr_fft,paws_x,xlmr,fft,en_zh,fr,1,accuracy,0.8960000276565552
mslt_en_zh_paws_x_xlmr_fft,paws_x,xlmr,fft,en_zh,ja,1,ece,0.1678743660449981
mslt_en_zh_paws_x_xlmr_fft,paws_x,xlmr,fft,en_zh,ja,1,accuracy,0.796999990940094
mslt_en_zh_paws_x_xlmr_fft,paws_x,xlmr,fft,en_zh,ko,1,ece,0.16755411028862
mslt_en_zh_paws_x_xlmr_fft,paws_x,xlmr,fft,en_zh,ko,1,accuracy,0.8009999990463257
mslt_en_zh_paws_x_xlmr_fft,paws_x,xlmr,fft,en_zh,zh,1,ece,0.1372352391481399
mslt_en_zh_paws_x_xlmr_fft,paws_x,xlmr,fft,en_zh,zh,1,accuracy,0.8299999833106995
mslt_en_zh_paws_x_xlmr_fft,paws_x,xlmr,fft,en_zh,de,0,ece,0.0703861489892005
mslt_en_zh_paws_x_xlmr_fft,paws_x,xlmr,fft,en_zh,de,0,accuracy,0.8765000104904175
mslt_en_zh_paws_x_xlmr_fft,paws_x,xlmr,fft,en_zh,en,0,ece,0.0321821495890617
mslt_en_zh_paws_x_xlmr_fft,paws_x,xlmr,fft,en_zh,en,0,accuracy,0.9399999976158142
mslt_en_zh_paws_x_xlmr_fft,paws_x,xlmr,fft,en_zh,es,0,ece,0.066450260579586
mslt_en_zh_paws_x_xlmr_fft,paws_x,xlmr,fft,en_zh,es,0,accuracy,0.8895000219345093
mslt_en_zh_paws_x_xlmr_fft,paws_x,xlmr,fft,en_zh,fr,0,ece,0.0575680881738662
mslt_en_zh_paws_x_xlmr_fft,paws_x,xlmr,fft,en_zh,fr,0,accuracy,0.890999972820282
mslt_en_zh_paws_x_xlmr_fft,paws_x,xlmr,fft,en_zh,ja,0,ece,0.1304772347211837
mslt_en_zh_paws_x_xlmr_fft,paws_x,xlmr,fft,en_zh,ja,0,accuracy,0.7900000214576721
mslt_en_zh_paws_x_xlmr_fft,paws_x,xlmr,fft,en_zh,ko,0,ece,0.1482861787080764
mslt_en_zh_paws_x_xlmr_fft,paws_x,xlmr,fft,en_zh,ko,0,accuracy,0.7785000205039978
mslt_en_zh_paws_x_xlmr_fft,paws_x,xlmr,fft,en_zh,zh,0,ece,0.1092349365353584
mslt_en_zh_paws_x_xlmr_fft,paws_x,xlmr,fft,en_zh,zh,0,accuracy,0.8324999809265137
mslt_en_zh_paws_x_xlmr_fft,paws_x,xlmr,fft,en_zh,de,2,ece,0.0984101742506027
mslt_en_zh_paws_x_xlmr_fft,paws_x,xlmr,fft,en_zh,de,2,accuracy,0.8774999976158142
mslt_en_zh_paws_x_xlmr_fft,paws_x,xlmr,fft,en_zh,en,2,ece,0.0470486134290695
mslt_en_zh_paws_x_xlmr_fft,paws_x,xlmr,fft,en_zh,en,2,accuracy,0.940500020980835
mslt_en_zh_paws_x_xlmr_fft,paws_x,xlmr,fft,en_zh,es,2,ece,0.0901579186320304
mslt_en_zh_paws_x_xlmr_fft,paws_x,xlmr,fft,en_zh,es,2,accuracy,0.890999972820282
mslt_en_zh_paws_x_xlmr_fft,paws_x,xlmr,fft,en_zh,fr,2,ece,0.0865490734577179
mslt_en_zh_paws_x_xlmr_fft,paws_x,xlmr,fft,en_zh,fr,2,accuracy,0.8924999833106995
mslt_en_zh_paws_x_xlmr_fft,paws_x,xlmr,fft,en_zh,ja,2,ece,0.1680333316326141
mslt_en_zh_paws_x_xlmr_fft,paws_x,xlmr,fft,en_zh,ja,2,accuracy,0.7954999804496765
mslt_en_zh_paws_x_xlmr_fft,paws_x,xlmr,fft,en_zh,ko,2,ece,0.1805201917886734
mslt_en_zh_paws_x_xlmr_fft,paws_x,xlmr,fft,en_zh,ko,2,accuracy,0.7944999933242798
mslt_en_zh_paws_x_xlmr_fft,paws_x,xlmr,fft,en_zh,zh,2,ece,0.1388200223445892
mslt_en_zh_paws_x_xlmr_fft,paws_x,xlmr,fft,en_zh,zh,2,accuracy,0.8335000276565552
mslt_en_zh_paws_x_xlmr_fft,paws_x,xlmr,fft,en_zh,de,3,ece,0.0846805721521377
mslt_en_zh_paws_x_xlmr_fft,paws_x,xlmr,fft,en_zh,de,3,accuracy,0.8774999976158142
mslt_en_zh_paws_x_xlmr_fft,paws_x,xlmr,fft,en_zh,en,3,ece,0.0448541566729545
mslt_en_zh_paws_x_xlmr_fft,paws_x,xlmr,fft,en_zh,en,3,accuracy,0.9394999742507936
mslt_en_zh_paws_x_xlmr_fft,paws_x,xlmr,fft,en_zh,es,3,ece,0.0723172724246978
mslt_en_zh_paws_x_xlmr_fft,paws_x,xlmr,fft,en_zh,es,3,accuracy,0.8939999938011169
mslt_en_zh_paws_x_xlmr_fft,paws_x,xlmr,fft,en_zh,fr,3,ece,0.0777121186256408
mslt_en_zh_paws_x_xlmr_fft,paws_x,xlmr,fft,en_zh,fr,3,accuracy,0.890500009059906
mslt_en_zh_paws_x_xlmr_fft,paws_x,xlmr,fft,en_zh,ja,3,ece,0.140424832701683
mslt_en_zh_paws_x_xlmr_fft,paws_x,xlmr,fft,en_zh,ja,3,accuracy,0.7944999933242798
mslt_en_zh_paws_x_xlmr_fft,paws_x,xlmr,fft,en_zh,ko,3,ece,0.1481866687536239
mslt_en_zh_paws_x_xlmr_fft,paws_x,xlmr,fft,en_zh,ko,3,accuracy,0.7900000214576721
mslt_en_zh_paws_x_xlmr_fft,paws_x,xlmr,fft,en_zh,zh,3,ece,0.1178624778985977
mslt_en_zh_paws_x_xlmr_fft,paws_x,xlmr,fft,en_zh,zh,3,accuracy,0.8295000195503235
mslt_en_es_paws_x_mbert_fft,paws_x,mbert,fft,en_es,de,4,ece,0.1009013205766677
mslt_en_es_paws_x_mbert_fft,paws_x,mbert,fft,en_es,de,4,accuracy,0.8709999918937683
mslt_en_es_paws_x_mbert_fft,paws_x,mbert,fft,en_es,en,4,ece,0.0500033423304557
mslt_en_es_paws_x_mbert_fft,paws_x,mbert,fft,en_es,en,4,accuracy,0.9380000233650208
mslt_en_es_paws_x_mbert_fft,paws_x,mbert,fft,en_es,es,4,ece,0.0778669193387031
mslt_en_es_paws_x_mbert_fft,paws_x,mbert,fft,en_es,es,4,accuracy,0.8985000252723694
mslt_en_es_paws_x_mbert_fft,paws_x,mbert,fft,en_es,fr,4,ece,0.0814902484416961
mslt_en_es_paws_x_mbert_fft,paws_x,mbert,fft,en_es,fr,4,accuracy,0.8924999833106995
mslt_en_es_paws_x_mbert_fft,paws_x,mbert,fft,en_es,ja,4,ece,0.1884213835000991
mslt_en_es_paws_x_mbert_fft,paws_x,mbert,fft,en_es,ja,4,accuracy,0.7555000185966492
mslt_en_es_paws_x_mbert_fft,paws_x,mbert,fft,en_es,ko,4,ece,0.1887231916189193
mslt_en_es_paws_x_mbert_fft,paws_x,mbert,fft,en_es,ko,4,accuracy,0.7634999752044678
mslt_en_es_paws_x_mbert_fft,paws_x,mbert,fft,en_es,zh,4,ece,0.1420212537050247
mslt_en_es_paws_x_mbert_fft,paws_x,mbert,fft,en_es,zh,4,accuracy,0.8109999895095825
mslt_en_es_paws_x_mbert_fft,paws_x,mbert,fft,en_es,de,1,ece,0.1076916381716728
mslt_en_es_paws_x_mbert_fft,paws_x,mbert,fft,en_es,de,1,accuracy,0.8640000224113464
mslt_en_es_paws_x_mbert_fft,paws_x,mbert,fft,en_es,en,1,ece,0.059591919183731
mslt_en_es_paws_x_mbert_fft,paws_x,mbert,fft,en_es,en,1,accuracy,0.9304999709129332
mslt_en_es_paws_x_mbert_fft,paws_x,mbert,fft,en_es,es,1,ece,0.0825351551175117
mslt_en_es_paws_x_mbert_fft,paws_x,mbert,fft,en_es,es,1,accuracy,0.8955000042915344
mslt_en_es_paws_x_mbert_fft,paws_x,mbert,fft,en_es,fr,1,ece,0.0804256498813629
mslt_en_es_paws_x_mbert_fft,paws_x,mbert,fft,en_es,fr,1,accuracy,0.8934999704360962
mslt_en_es_paws_x_mbert_fft,paws_x,mbert,fft,en_es,ja,1,ece,0.1791321188211441
mslt_en_es_paws_x_mbert_fft,paws_x,mbert,fft,en_es,ja,1,accuracy,0.7664999961853027
mslt_en_es_paws_x_mbert_fft,paws_x,mbert,fft,en_es,ko,1,ece,0.2334961742162704
mslt_en_es_paws_x_mbert_fft,paws_x,mbert,fft,en_es,ko,1,accuracy,0.7275000214576721
mslt_en_es_paws_x_mbert_fft,paws_x,mbert,fft,en_es,zh,1,ece,0.1461253315210342
mslt_en_es_paws_x_mbert_fft,paws_x,mbert,fft,en_es,zh,1,accuracy,0.8050000071525574
mslt_en_es_paws_x_mbert_fft,paws_x,mbert,fft,en_es,de,0,ece,0.1010612696409225
mslt_en_es_paws_x_mbert_fft,paws_x,mbert,fft,en_es,de,0,accuracy,0.8610000014305115
mslt_en_es_paws_x_mbert_fft,paws_x,mbert,fft,en_es,en,0,ece,0.0526304319500923
mslt_en_es_paws_x_mbert_fft,paws_x,mbert,fft,en_es,en,0,accuracy,0.9375
mslt_en_es_paws_x_mbert_fft,paws_x,mbert,fft,en_es,es,0,ece,0.09307212382555
mslt_en_es_paws_x_mbert_fft,paws_x,mbert,fft,en_es,es,0,accuracy,0.8845000267028809
mslt_en_es_paws_x_mbert_fft,paws_x,mbert,fft,en_es,fr,0,ece,0.0850633308291435
mslt_en_es_paws_x_mbert_fft,paws_x,mbert,fft,en_es,fr,0,accuracy,0.8840000033378601
mslt_en_es_paws_x_mbert_fft,paws_x,mbert,fft,en_es,ja,0,ece,0.1823368221521377
mslt_en_es_paws_x_mbert_fft,paws_x,mbert,fft,en_es,ja,0,accuracy,0.7509999871253967
mslt_en_es_paws_x_mbert_fft,paws_x,mbert,fft,en_es,ko,0,ece,0.2177767306566238
mslt_en_es_paws_x_mbert_fft,paws_x,mbert,fft,en_es,ko,0,accuracy,0.7300000190734863
mslt_en_es_paws_x_mbert_fft,paws_x,mbert,fft,en_es,zh,0,ece,0.1648280918598175
mslt_en_es_paws_x_mbert_fft,paws_x,mbert,fft,en_es,zh,0,accuracy,0.7829999923706055
mslt_en_es_paws_x_mbert_fft,paws_x,mbert,fft,en_es,de,2,ece,0.0934424176812172
mslt_en_es_paws_x_mbert_fft,paws_x,mbert,fft,en_es,de,2,accuracy,0.8650000095367432
mslt_en_es_paws_x_mbert_fft,paws_x,mbert,fft,en_es,en,2,ece,0.0441053584218025
mslt_en_es_paws_x_mbert_fft,paws_x,mbert,fft,en_es,en,2,accuracy,0.9384999871253968
mslt_en_es_paws_x_mbert_fft,paws_x,mbert,fft,en_es,es,2,ece,0.0813927799463272
mslt_en_es_paws_x_mbert_fft,paws_x,mbert,fft,en_es,es,2,accuracy,0.8834999799728394
mslt_en_es_paws_x_mbert_fft,paws_x,mbert,fft,en_es,fr,2,ece,0.0754658952355384
mslt_en_es_paws_x_mbert_fft,paws_x,mbert,fft,en_es,fr,2,accuracy,0.8865000009536743
mslt_en_es_paws_x_mbert_fft,paws_x,mbert,fft,en_es,ja,2,ece,0.1651914715766906
mslt_en_es_paws_x_mbert_fft,paws_x,mbert,fft,en_es,ja,2,accuracy,0.7494999766349792
mslt_en_es_paws_x_mbert_fft,paws_x,mbert,fft,en_es,ko,2,ece,0.1801593005657196
mslt_en_es_paws_x_mbert_fft,paws_x,mbert,fft,en_es,ko,2,accuracy,0.7360000014305115
mslt_en_es_paws_x_mbert_fft,paws_x,mbert,fft,en_es,zh,2,ece,0.1403272449970245
mslt_en_es_paws_x_mbert_fft,paws_x,mbert,fft,en_es,zh,2,accuracy,0.7979999780654907
mslt_en_es_paws_x_mbert_fft,paws_x,mbert,fft,en_es,de,3,ece,0.1011072173714637
mslt_en_es_paws_x_mbert_fft,paws_x,mbert,fft,en_es,de,3,accuracy,0.871999979019165
mslt_en_es_paws_x_mbert_fft,paws_x,mbert,fft,en_es,en,3,ece,0.0459972359240055
mslt_en_es_paws_x_mbert_fft,paws_x,mbert,fft,en_es,en,3,accuracy,0.9430000185966492
mslt_en_es_paws_x_mbert_fft,paws_x,mbert,fft,en_es,es,3,ece,0.0853779539465904
mslt_en_es_paws_x_mbert_fft,paws_x,mbert,fft,en_es,es,3,accuracy,0.8914999961853027
mslt_en_es_paws_x_mbert_fft,paws_x,mbert,fft,en_es,fr,3,ece,0.07957024872303
mslt_en_es_paws_x_mbert_fft,paws_x,mbert,fft,en_es,fr,3,accuracy,0.8930000066757202
mslt_en_es_paws_x_mbert_fft,paws_x,mbert,fft,en_es,ja,3,ece,0.1922191828489303
mslt_en_es_paws_x_mbert_fft,paws_x,mbert,fft,en_es,ja,3,accuracy,0.7480000257492065
mslt_en_es_paws_x_mbert_fft,paws_x,mbert,fft,en_es,ko,3,ece,0.2070527821779251
mslt_en_es_paws_x_mbert_fft,paws_x,mbert,fft,en_es,ko,3,accuracy,0.737500011920929
mslt_en_es_paws_x_mbert_fft,paws_x,mbert,fft,en_es,zh,3,ece,0.1535418182611465
mslt_en_es_paws_x_mbert_fft,paws_x,mbert,fft,en_es,zh,3,accuracy,0.8004999756813049
mslt_en_ja_paws_x_xlmr_fft,paws_x,xlmr,fft,en_ja,de,4,ece,0.0564519092440605
mslt_en_ja_paws_x_xlmr_fft,paws_x,xlmr,fft,en_ja,de,4,accuracy,0.8600000143051147
mslt_en_ja_paws_x_xlmr_fft,paws_x,xlmr,fft,en_ja,en,4,ece,0.0354109928011894
mslt_en_ja_paws_x_xlmr_fft,paws_x,xlmr,fft,en_ja,en,4,accuracy,0.9290000200271606
mslt_en_ja_paws_x_xlmr_fft,paws_x,xlmr,fft,en_ja,es,4,ece,0.0529468618333339
mslt_en_ja_paws_x_xlmr_fft,paws_x,xlmr,fft,en_ja,es,4,accuracy,0.878000020980835
mslt_en_ja_paws_x_xlmr_fft,paws_x,xlmr,fft,en_ja,fr,4,ece,0.0449314676225185
mslt_en_ja_paws_x_xlmr_fft,paws_x,xlmr,fft,en_ja,fr,4,accuracy,0.8824999928474426
mslt_en_ja_paws_x_xlmr_fft,paws_x,xlmr,fft,en_ja,ja,4,ece,0.0878931283950805
mslt_en_ja_paws_x_xlmr_fft,paws_x,xlmr,fft,en_ja,ja,4,accuracy,0.7864999771118164
mslt_en_ja_paws_x_xlmr_fft,paws_x,xlmr,fft,en_ja,ko,4,ece,0.1120462492108345
mslt_en_ja_paws_x_xlmr_fft,paws_x,xlmr,fft,en_ja,ko,4,accuracy,0.7724999785423279
mslt_en_ja_paws_x_xlmr_fft,paws_x,xlmr,fft,en_ja,zh,4,ece,0.0850257724523544
mslt_en_ja_paws_x_xlmr_fft,paws_x,xlmr,fft,en_ja,zh,4,accuracy,0.8134999871253967
mslt_en_ja_paws_x_xlmr_fft,paws_x,xlmr,fft,en_ja,de,1,ece,0.080318845808506
mslt_en_ja_paws_x_xlmr_fft,paws_x,xlmr,fft,en_ja,de,1,accuracy,0.8765000104904175
mslt_en_ja_paws_x_xlmr_fft,paws_x,xlmr,fft,en_ja,en,1,ece,0.0401819869875907
mslt_en_ja_paws_x_xlmr_fft,paws_x,xlmr,fft,en_ja,en,1,accuracy,0.9409999847412108
mslt_en_ja_paws_x_xlmr_fft,paws_x,xlmr,fft,en_ja,es,1,ece,0.0646863058209419
mslt_en_ja_paws_x_xlmr_fft,paws_x,xlmr,fft,en_ja,es,1,accuracy,0.8985000252723694
mslt_en_ja_paws_x_xlmr_fft,paws_x,xlmr,fft,en_ja,fr,1,ece,0.0556938238441944
mslt_en_ja_paws_x_xlmr_fft,paws_x,xlmr,fft,en_ja,fr,1,accuracy,0.9045000076293944
mslt_en_ja_paws_x_xlmr_fft,paws_x,xlmr,fft,en_ja,ja,1,ece,0.1300316303968429
mslt_en_ja_paws_x_xlmr_fft,paws_x,xlmr,fft,en_ja,ja,1,accuracy,0.7954999804496765
mslt_en_ja_paws_x_xlmr_fft,paws_x,xlmr,fft,en_ja,ko,1,ece,0.1264142990112304
mslt_en_ja_paws_x_xlmr_fft,paws_x,xlmr,fft,en_ja,ko,1,accuracy,0.8109999895095825
mslt_en_ja_paws_x_xlmr_fft,paws_x,xlmr,fft,en_ja,zh,1,ece,0.1140165850520134
mslt_en_ja_paws_x_xlmr_fft,paws_x,xlmr,fft,en_ja,zh,1,accuracy,0.8299999833106995
mslt_en_ja_paws_x_xlmr_fft,paws_x,xlmr,fft,en_ja,de,0,ece,0.0922073051333427
mslt_en_ja_paws_x_xlmr_fft,paws_x,xlmr,fft,en_ja,de,0,accuracy,0.8684999942779541
mslt_en_ja_paws_x_xlmr_fft,paws_x,xlmr,fft,en_ja,en,0,ece,0.0411131083965301
mslt_en_ja_paws_x_xlmr_fft,paws_x,xlmr,fft,en_ja,en,0,accuracy,0.9430000185966492
mslt_en_ja_paws_x_xlmr_fft,paws_x,xlmr,fft,en_ja,es,0,ece,0.0831985026597976
mslt_en_ja_paws_x_xlmr_fft,paws_x,xlmr,fft,en_ja,es,0,accuracy,0.8769999742507935
mslt_en_ja_paws_x_xlmr_fft,paws_x,xlmr,fft,en_ja,fr,0,ece,0.0668358653783798
mslt_en_ja_paws_x_xlmr_fft,paws_x,xlmr,fft,en_ja,fr,0,accuracy,0.8980000019073486
mslt_en_ja_paws_x_xlmr_fft,paws_x,xlmr,fft,en_ja,ja,0,ece,0.1446340978145599
mslt_en_ja_paws_x_xlmr_fft,paws_x,xlmr,fft,en_ja,ja,0,accuracy,0.7990000247955322
mslt_en_ja_paws_x_xlmr_fft,paws_x,xlmr,fft,en_ja,ko,0,ece,0.1566960513591766
mslt_en_ja_paws_x_xlmr_fft,paws_x,xlmr,fft,en_ja,ko,0,accuracy,0.7860000133514404
mslt_en_ja_paws_x_xlmr_fft,paws_x,xlmr,fft,en_ja,zh,0,ece,0.1244953870773315
mslt_en_ja_paws_x_xlmr_fft,paws_x,xlmr,fft,en_ja,zh,0,accuracy,0.8274999856948853
mslt_en_ja_paws_x_xlmr_fft,paws_x,xlmr,fft,en_ja,de,2,ece,0.0866139233112335
mslt_en_ja_paws_x_xlmr_fft,paws_x,xlmr,fft,en_ja,de,2,accuracy,0.875
mslt_en_ja_paws_x_xlmr_fft,paws_x,xlmr,fft,en_ja,en,2,ece,0.0350305065512657
mslt_en_ja_paws_x_xlmr_fft,paws_x,xlmr,fft,en_ja,en,2,accuracy,0.9474999904632568
mslt_en_ja_paws_x_xlmr_fft,paws_x,xlmr,fft,en_ja,es,2,ece,0.077439360320568
mslt_en_ja_paws_x_xlmr_fft,paws_x,xlmr,fft,en_ja,es,2,accuracy,0.8889999985694885
mslt_en_ja_paws_x_xlmr_fft,paws_x,xlmr,fft,en_ja,fr,2,ece,0.0672191008925437
mslt_en_ja_paws_x_xlmr_fft,paws_x,xlmr,fft,en_ja,fr,2,accuracy,0.8949999809265137
mslt_en_ja_paws_x_xlmr_fft,paws_x,xlmr,fft,en_ja,ja,2,ece,0.1478687524795532
mslt_en_ja_paws_x_xlmr_fft,paws_x,xlmr,fft,en_ja,ja,2,accuracy,0.7860000133514404
mslt_en_ja_paws_x_xlmr_fft,paws_x,xlmr,fft,en_ja,ko,2,ece,0.145649567246437
mslt_en_ja_paws_x_xlmr_fft,paws_x,xlmr,fft,en_ja,ko,2,accuracy,0.8054999709129333
mslt_en_ja_paws_x_xlmr_fft,paws_x,xlmr,fft,en_ja,zh,2,ece,0.1291560381650924
mslt_en_ja_paws_x_xlmr_fft,paws_x,xlmr,fft,en_ja,zh,2,accuracy,0.8255000114440918
mslt_en_ja_paws_x_xlmr_fft,paws_x,xlmr,fft,en_ja,de,3,ece,0.061424620449543
mslt_en_ja_paws_x_xlmr_fft,paws_x,xlmr,fft,en_ja,de,3,accuracy,0.8715000152587891
mslt_en_ja_paws_x_xlmr_fft,paws_x,xlmr,fft,en_ja,en,3,ece,0.0331032164394855
mslt_en_ja_paws_x_xlmr_fft,paws_x,xlmr,fft,en_ja,en,3,accuracy,0.9375
mslt_en_ja_paws_x_xlmr_fft,paws_x,xlmr,fft,en_ja,es,3,ece,0.0509863421320915
mslt_en_ja_paws_x_xlmr_fft,paws_x,xlmr,fft,en_ja,es,3,accuracy,0.8884999752044678
mslt_en_ja_paws_x_xlmr_fft,paws_x,xlmr,fft,en_ja,fr,3,ece,0.0530297234654426
mslt_en_ja_paws_x_xlmr_fft,paws_x,xlmr,fft,en_ja,fr,3,accuracy,0.8914999961853027
mslt_en_ja_paws_x_xlmr_fft,paws_x,xlmr,fft,en_ja,ja,3,ece,0.1008380427956581
mslt_en_ja_paws_x_xlmr_fft,paws_x,xlmr,fft,en_ja,ja,3,accuracy,0.7979999780654907
mslt_en_ja_paws_x_xlmr_fft,paws_x,xlmr,fft,en_ja,ko,3,ece,0.0872634649276733
mslt_en_ja_paws_x_xlmr_fft,paws_x,xlmr,fft,en_ja,ko,3,accuracy,0.8109999895095825
mslt_en_ja_paws_x_xlmr_fft,paws_x,xlmr,fft,en_ja,zh,3,ece,0.0934170857071876
mslt_en_ja_paws_x_xlmr_fft,paws_x,xlmr,fft,en_ja,zh,3,accuracy,0.8305000066757202
mslt_en_en_paws_x_mbert_fft,paws_x,mbert,fft,en_en,de,4,ece,0.0329885184764862
mslt_en_en_paws_x_mbert_fft,paws_x,mbert,fft,en_en,de,4,accuracy,0.8634999990463257
mslt_en_en_paws_x_mbert_fft,paws_x,mbert,fft,en_en,en,4,ece,0.0217722654342651
mslt_en_en_paws_x_mbert_fft,paws_x,mbert,fft,en_en,en,4,accuracy,0.9375
mslt_en_en_paws_x_mbert_fft,paws_x,mbert,fft,en_en,es,4,ece,0.0321114994585514
mslt_en_en_paws_x_mbert_fft,paws_x,mbert,fft,en_en,es,4,accuracy,0.8855000138282776
mslt_en_en_paws_x_mbert_fft,paws_x,mbert,fft,en_en,fr,4,ece,0.0283902883529663
mslt_en_en_paws_x_mbert_fft,paws_x,mbert,fft,en_en,fr,4,accuracy,0.8730000257492065
mslt_en_en_paws_x_mbert_fft,paws_x,mbert,fft,en_en,ja,4,ece,0.0615937039256095
mslt_en_en_paws_x_mbert_fft,paws_x,mbert,fft,en_en,ja,4,accuracy,0.7599999904632568
mslt_en_en_paws_x_mbert_fft,paws_x,mbert,fft,en_en,ko,4,ece,0.0883677750825882
mslt_en_en_paws_x_mbert_fft,paws_x,mbert,fft,en_en,ko,4,accuracy,0.753000020980835
mslt_en_en_paws_x_mbert_fft,paws_x,mbert,fft,en_en,zh,4,ece,0.0562680028378963
mslt_en_en_paws_x_mbert_fft,paws_x,mbert,fft,en_en,zh,4,accuracy,0.7889999747276306
mslt_en_en_paws_x_mbert_fft,paws_x,mbert,fft,en_en,de,1,ece,0.0910920053720474
mslt_en_en_paws_x_mbert_fft,paws_x,mbert,fft,en_en,de,1,accuracy,0.871999979019165
mslt_en_en_paws_x_mbert_fft,paws_x,mbert,fft,en_en,en,1,ece,0.0508138127624988
mslt_en_en_paws_x_mbert_fft,paws_x,mbert,fft,en_en,en,1,accuracy,0.9445000290870668
mslt_en_en_paws_x_mbert_fft,paws_x,mbert,fft,en_en,es,1,ece,0.0877557918429374
mslt_en_en_paws_x_mbert_fft,paws_x,mbert,fft,en_en,es,1,accuracy,0.8855000138282776
mslt_en_en_paws_x_mbert_fft,paws_x,mbert,fft,en_en,fr,1,ece,0.0888328403234481
mslt_en_en_paws_x_mbert_fft,paws_x,mbert,fft,en_en,fr,1,accuracy,0.8799999952316284
mslt_en_en_paws_x_mbert_fft,paws_x,mbert,fft,en_en,ja,1,ece,0.1643999814987182
mslt_en_en_paws_x_mbert_fft,paws_x,mbert,fft,en_en,ja,1,accuracy,0.7634999752044678
mslt_en_en_paws_x_mbert_fft,paws_x,mbert,fft,en_en,ko,1,ece,0.1888158172369003
mslt_en_en_paws_x_mbert_fft,paws_x,mbert,fft,en_en,ko,1,accuracy,0.746999979019165
mslt_en_en_paws_x_mbert_fft,paws_x,mbert,fft,en_en,zh,1,ece,0.1401381939649582
mslt_en_en_paws_x_mbert_fft,paws_x,mbert,fft,en_en,zh,1,accuracy,0.8019999861717224
mslt_en_en_paws_x_mbert_fft,paws_x,mbert,fft,en_en,de,0,ece,0.1070674434304237
mslt_en_en_paws_x_mbert_fft,paws_x,mbert,fft,en_en,de,0,accuracy,0.8585000038146973
mslt_en_en_paws_x_mbert_fft,paws_x,mbert,fft,en_en,en,0,ece,0.0510009862482547
mslt_en_en_paws_x_mbert_fft,paws_x,mbert,fft,en_en,en,0,accuracy,0.9380000233650208
mslt_en_en_paws_x_mbert_fft,paws_x,mbert,fft,en_en,es,0,ece,0.0965874940156936
mslt_en_en_paws_x_mbert_fft,paws_x,mbert,fft,en_en,es,0,accuracy,0.8794999718666077
mslt_en_en_paws_x_mbert_fft,paws_x,mbert,fft,en_en,fr,0,ece,0.0971571207046508
mslt_en_en_paws_x_mbert_fft,paws_x,mbert,fft,en_en,fr,0,accuracy,0.8820000290870667
mslt_en_en_paws_x_mbert_fft,paws_x,mbert,fft,en_en,ja,0,ece,0.1589702069759369
mslt_en_en_paws_x_mbert_fft,paws_x,mbert,fft,en_en,ja,0,accuracy,0.7695000171661377
mslt_en_en_paws_x_mbert_fft,paws_x,mbert,fft,en_en,ko,0,ece,0.1923370361328125
mslt_en_en_paws_x_mbert_fft,paws_x,mbert,fft,en_en,ko,0,accuracy,0.75
mslt_en_en_paws_x_mbert_fft,paws_x,mbert,fft,en_en,zh,0,ece,0.1417250335216522
mslt_en_en_paws_x_mbert_fft,paws_x,mbert,fft,en_en,zh,0,accuracy,0.8080000281333923
mslt_en_en_paws_x_mbert_fft,paws_x,mbert,fft,en_en,de,2,ece,0.0996743589639663
mslt_en_en_paws_x_mbert_fft,paws_x,mbert,fft,en_en,de,2,accuracy,0.8364999890327454
mslt_en_en_paws_x_mbert_fft,paws_x,mbert,fft,en_en,en,2,ece,0.042719941586256
mslt_en_en_paws_x_mbert_fft,paws_x,mbert,fft,en_en,en,2,accuracy,0.940500020980835
mslt_en_en_paws_x_mbert_fft,paws_x,mbert,fft,en_en,es,2,ece,0.0896866023540496
mslt_en_en_paws_x_mbert_fft,paws_x,mbert,fft,en_en,es,2,accuracy,0.8554999828338623
mslt_en_en_paws_x_mbert_fft,paws_x,mbert,fft,en_en,fr,2,ece,0.0890516489744186
mslt_en_en_paws_x_mbert_fft,paws_x,mbert,fft,en_en,fr,2,accuracy,0.8600000143051147
mslt_en_en_paws_x_mbert_fft,paws_x,mbert,fft,en_en,ja,2,ece,0.1835625022649765
mslt_en_en_paws_x_mbert_fft,paws_x,mbert,fft,en_en,ja,2,accuracy,0.7070000171661377
mslt_en_en_paws_x_mbert_fft,paws_x,mbert,fft,en_en,ko,2,ece,0.2360730767250061
mslt_en_en_paws_x_mbert_fft,paws_x,mbert,fft,en_en,ko,2,accuracy,0.6859999895095825
mslt_en_en_paws_x_mbert_fft,paws_x,mbert,fft,en_en,zh,2,ece,0.1647249907255172
mslt_en_en_paws_x_mbert_fft,paws_x,mbert,fft,en_en,zh,2,accuracy,0.7544999718666077
mslt_en_en_paws_x_mbert_fft,paws_x,mbert,fft,en_en,de,3,ece,0.0675761103630065
mslt_en_en_paws_x_mbert_fft,paws_x,mbert,fft,en_en,de,3,accuracy,0.859499990940094
mslt_en_en_paws_x_mbert_fft,paws_x,mbert,fft,en_en,en,3,ece,0.0359809100627899
mslt_en_en_paws_x_mbert_fft,paws_x,mbert,fft,en_en,en,3,accuracy,0.9375
mslt_en_en_paws_x_mbert_fft,paws_x,mbert,fft,en_en,es,3,ece,0.0608310736715793
mslt_en_en_paws_x_mbert_fft,paws_x,mbert,fft,en_en,es,3,accuracy,0.8774999976158142
mslt_en_en_paws_x_mbert_fft,paws_x,mbert,fft,en_en,fr,3,ece,0.0521106086671352
mslt_en_en_paws_x_mbert_fft,paws_x,mbert,fft,en_en,fr,3,accuracy,0.8784999847412109
mslt_en_en_paws_x_mbert_fft,paws_x,mbert,fft,en_en,ja,3,ece,0.1245853751897811
mslt_en_en_paws_x_mbert_fft,paws_x,mbert,fft,en_en,ja,3,accuracy,0.7634999752044678
mslt_en_en_paws_x_mbert_fft,paws_x,mbert,fft,en_en,ko,3,ece,0.1676677465438842
mslt_en_en_paws_x_mbert_fft,paws_x,mbert,fft,en_en,ko,3,accuracy,0.7160000205039978
mslt_en_en_paws_x_mbert_fft,paws_x,mbert,fft,en_en,zh,3,ece,0.1057074218988418
mslt_en_en_paws_x_mbert_fft,paws_x,mbert,fft,en_en,zh,3,accuracy,0.796500027179718
mslt_en_fr_paws_x_mbert_fft,paws_x,mbert,fft,en_fr,de,4,ece,0.112028382718563
mslt_en_fr_paws_x_mbert_fft,paws_x,mbert,fft,en_fr,de,4,accuracy,0.8654999732971191
mslt_en_fr_paws_x_mbert_fft,paws_x,mbert,fft,en_fr,en,4,ece,0.0550485514104366
mslt_en_fr_paws_x_mbert_fft,paws_x,mbert,fft,en_fr,en,4,accuracy,0.9359999895095824
mslt_en_fr_paws_x_mbert_fft,paws_x,mbert,fft,en_fr,es,4,ece,0.0966566875576973
mslt_en_fr_paws_x_mbert_fft,paws_x,mbert,fft,en_fr,es,4,accuracy,0.8865000009536743
mslt_en_fr_paws_x_mbert_fft,paws_x,mbert,fft,en_fr,fr,4,ece,0.0882883667945861
mslt_en_fr_paws_x_mbert_fft,paws_x,mbert,fft,en_fr,fr,4,accuracy,0.8945000171661377
mslt_en_fr_paws_x_mbert_fft,paws_x,mbert,fft,en_fr,ja,4,ece,0.1926467716693878
mslt_en_fr_paws_x_mbert_fft,paws_x,mbert,fft,en_fr,ja,4,accuracy,0.7455000281333923
mslt_en_fr_paws_x_mbert_fft,paws_x,mbert,fft,en_fr,ko,4,ece,0.2051737159490585
mslt_en_fr_paws_x_mbert_fft,paws_x,mbert,fft,en_fr,ko,4,accuracy,0.7315000295639038
mslt_en_fr_paws_x_mbert_fft,paws_x,mbert,fft,en_fr,zh,4,ece,0.1549802124500274
mslt_en_fr_paws_x_mbert_fft,paws_x,mbert,fft,en_fr,zh,4,accuracy,0.7944999933242798
mslt_en_fr_paws_x_mbert_fft,paws_x,mbert,fft,en_fr,de,1,ece,0.0967223942279815
mslt_en_fr_paws_x_mbert_fft,paws_x,mbert,fft,en_fr,de,1,accuracy,0.8659999966621399
mslt_en_fr_paws_x_mbert_fft,paws_x,mbert,fft,en_fr,en,1,ece,0.0489540807902812
mslt_en_fr_paws_x_mbert_fft,paws_x,mbert,fft,en_fr,en,1,accuracy,0.9375
mslt_en_fr_paws_x_mbert_fft,paws_x,mbert,fft,en_fr,es,1,ece,0.0852862894535064
mslt_en_fr_paws_x_mbert_fft,paws_x,mbert,fft,en_fr,es,1,accuracy,0.8899999856948853
mslt_en_fr_paws_x_mbert_fft,paws_x,mbert,fft,en_fr,fr,1,ece,0.0769819617271423
mslt_en_fr_paws_x_mbert_fft,paws_x,mbert,fft,en_fr,fr,1,accuracy,0.8949999809265137
mslt_en_fr_paws_x_mbert_fft,paws_x,mbert,fft,en_fr,ja,1,ece,0.1706291288137436
mslt_en_fr_paws_x_mbert_fft,paws_x,mbert,fft,en_fr,ja,1,accuracy,0.7620000243186951
mslt_en_fr_paws_x_mbert_fft,paws_x,mbert,fft,en_fr,ko,1,ece,0.2289269268512725
mslt_en_fr_paws_x_mbert_fft,paws_x,mbert,fft,en_fr,ko,1,accuracy,0.7225000262260437
mslt_en_fr_paws_x_mbert_fft,paws_x,mbert,fft,en_fr,zh,1,ece,0.1564171314239502
mslt_en_fr_paws_x_mbert_fft,paws_x,mbert,fft,en_fr,zh,1,accuracy,0.7935000061988831
mslt_en_fr_paws_x_mbert_fft,paws_x,mbert,fft,en_fr,de,0,ece,0.0625616908073425
mslt_en_fr_paws_x_mbert_fft,paws_x,mbert,fft,en_fr,de,0,accuracy,0.8644999861717224
mslt_en_fr_paws_x_mbert_fft,paws_x,mbert,fft,en_fr,en,0,ece,0.0327651724219322
mslt_en_fr_paws_x_mbert_fft,paws_x,mbert,fft,en_fr,en,0,accuracy,0.9380000233650208
mslt_en_fr_paws_x_mbert_fft,paws_x,mbert,fft,en_fr,es,0,ece,0.0676204115152359
mslt_en_fr_paws_x_mbert_fft,paws_x,mbert,fft,en_fr,es,0,accuracy,0.8765000104904175
mslt_en_fr_paws_x_mbert_fft,paws_x,mbert,fft,en_fr,fr,0,ece,0.0596342533826828
mslt_en_fr_paws_x_mbert_fft,paws_x,mbert,fft,en_fr,fr,0,accuracy,0.8849999904632568
mslt_en_fr_paws_x_mbert_fft,paws_x,mbert,fft,en_fr,ja,0,ece,0.1417085826396942
mslt_en_fr_paws_x_mbert_fft,paws_x,mbert,fft,en_fr,ja,0,accuracy,0.7404999732971191
mslt_en_fr_paws_x_mbert_fft,paws_x,mbert,fft,en_fr,ko,0,ece,0.1866024881601333
mslt_en_fr_paws_x_mbert_fft,paws_x,mbert,fft,en_fr,ko,0,accuracy,0.7200000286102295
mslt_en_fr_paws_x_mbert_fft,paws_x,mbert,fft,en_fr,zh,0,ece,0.1276170462369918
mslt_en_fr_paws_x_mbert_fft,paws_x,mbert,fft,en_fr,zh,0,accuracy,0.784500002861023
mslt_en_fr_paws_x_mbert_fft,paws_x,mbert,fft,en_fr,de,2,ece,0.1165022701025009
mslt_en_fr_paws_x_mbert_fft,paws_x,mbert,fft,en_fr,de,2,accuracy,0.8565000295639038
mslt_en_fr_paws_x_mbert_fft,paws_x,mbert,fft,en_fr,en,2,ece,0.0556137226521968
mslt_en_fr_paws_x_mbert_fft,paws_x,mbert,fft,en_fr,en,2,accuracy,0.9330000281333924
mslt_en_fr_paws_x_mbert_fft,paws_x,mbert,fft,en_fr,es,2,ece,0.0929144620895385
mslt_en_fr_paws_x_mbert_fft,paws_x,mbert,fft,en_fr,es,2,accuracy,0.8849999904632568
mslt_en_fr_paws_x_mbert_fft,paws_x,mbert,fft,en_fr,fr,2,ece,0.07964389026165
mslt_en_fr_paws_x_mbert_fft,paws_x,mbert,fft,en_fr,fr,2,accuracy,0.9020000100135804
mslt_en_fr_paws_x_mbert_fft,paws_x,mbert,fft,en_fr,ja,2,ece,0.202961653470993
mslt_en_fr_paws_x_mbert_fft,paws_x,mbert,fft,en_fr,ja,2,accuracy,0.7394999861717224
mslt_en_fr_paws_x_mbert_fft,paws_x,mbert,fft,en_fr,ko,2,ece,0.1869615465402603
mslt_en_fr_paws_x_mbert_fft,paws_x,mbert,fft,en_fr,ko,2,accuracy,0.7459999918937683
mslt_en_fr_paws_x_mbert_fft,paws_x,mbert,fft,en_fr,zh,2,ece,0.1555618941783905
mslt_en_fr_paws_x_mbert_fft,paws_x,mbert,fft,en_fr,zh,2,accuracy,0.7979999780654907
mslt_en_fr_paws_x_mbert_fft,paws_x,mbert,fft,en_fr,de,3,ece,0.1054226607084274
mslt_en_fr_paws_x_mbert_fft,paws_x,mbert,fft,en_fr,de,3,accuracy,0.8654999732971191
mslt_en_fr_paws_x_mbert_fft,paws_x,mbert,fft,en_fr,en,3,ece,0.0498353838920593
mslt_en_fr_paws_x_mbert_fft,paws_x,mbert,fft,en_fr,en,3,accuracy,0.9390000104904176
mslt_en_fr_paws_x_mbert_fft,paws_x,mbert,fft,en_fr,es,3,ece,0.0881576240062713
mslt_en_fr_paws_x_mbert_fft,paws_x,mbert,fft,en_fr,es,3,accuracy,0.8930000066757202
mslt_en_fr_paws_x_mbert_fft,paws_x,mbert,fft,en_fr,fr,3,ece,0.0836995095014572
mslt_en_fr_paws_x_mbert_fft,paws_x,mbert,fft,en_fr,fr,3,accuracy,0.890999972820282
mslt_en_fr_paws_x_mbert_fft,paws_x,mbert,fft,en_fr,ja,3,ece,0.1742782592773437
mslt_en_fr_paws_x_mbert_fft,paws_x,mbert,fft,en_fr,ja,3,accuracy,0.7549999952316284
mslt_en_fr_paws_x_mbert_fft,paws_x,mbert,fft,en_fr,ko,3,ece,0.199979156255722
mslt_en_fr_paws_x_mbert_fft,paws_x,mbert,fft,en_fr,ko,3,accuracy,0.7494999766349792
mslt_en_fr_paws_x_mbert_fft,paws_x,mbert,fft,en_fr,zh,3,ece,0.1430621445178985
mslt_en_fr_paws_x_mbert_fft,paws_x,mbert,fft,en_fr,zh,3,accuracy,0.8044999837875366
mslt_en_fr_paws_x_xlmr_fft,paws_x,xlmr,fft,en_fr,de,4,ece,0.040071427822113
mslt_en_fr_paws_x_xlmr_fft,paws_x,xlmr,fft,en_fr,de,4,accuracy,0.8744999766349792
mslt_en_fr_paws_x_xlmr_fft,paws_x,xlmr,fft,en_fr,en,4,ece,0.0273368135094642
mslt_en_fr_paws_x_xlmr_fft,paws_x,xlmr,fft,en_fr,en,4,accuracy,0.9434999823570251
mslt_en_fr_paws_x_xlmr_fft,paws_x,xlmr,fft,en_fr,es,4,ece,0.0374633148312568
mslt_en_fr_paws_x_xlmr_fft,paws_x,xlmr,fft,en_fr,es,4,accuracy,0.8855000138282776
mslt_en_fr_paws_x_xlmr_fft,paws_x,xlmr,fft,en_fr,fr,4,ece,0.0313010215759277
mslt_en_fr_paws_x_xlmr_fft,paws_x,xlmr,fft,en_fr,fr,4,accuracy,0.8930000066757202
mslt_en_fr_paws_x_xlmr_fft,paws_x,xlmr,fft,en_fr,ja,4,ece,0.0849186703562736
mslt_en_fr_paws_x_xlmr_fft,paws_x,xlmr,fft,en_fr,ja,4,accuracy,0.7799999713897705
mslt_en_fr_paws_x_xlmr_fft,paws_x,xlmr,fft,en_fr,ko,4,ece,0.0807819217443466
mslt_en_fr_paws_x_xlmr_fft,paws_x,xlmr,fft,en_fr,ko,4,accuracy,0.7879999876022339
mslt_en_fr_paws_x_xlmr_fft,paws_x,xlmr,fft,en_fr,zh,4,ece,0.0722082778811454
mslt_en_fr_paws_x_xlmr_fft,paws_x,xlmr,fft,en_fr,zh,4,accuracy,0.8230000138282776
mslt_en_fr_paws_x_xlmr_fft,paws_x,xlmr,fft,en_fr,de,1,ece,0.0937123298645019
mslt_en_fr_paws_x_xlmr_fft,paws_x,xlmr,fft,en_fr,de,1,accuracy,0.8799999952316284
mslt_en_fr_paws_x_xlmr_fft,paws_x,xlmr,fft,en_fr,en,1,ece,0.0400722622871398
mslt_en_fr_paws_x_xlmr_fft,paws_x,xlmr,fft,en_fr,en,1,accuracy,0.94650000333786
mslt_en_fr_paws_x_xlmr_fft,paws_x,xlmr,fft,en_fr,es,1,ece,0.0673957020044326
mslt_en_fr_paws_x_xlmr_fft,paws_x,xlmr,fft,en_fr,es,1,accuracy,0.9085000157356262
mslt_en_fr_paws_x_xlmr_fft,paws_x,xlmr,fft,en_fr,fr,1,ece,0.0620911195874214
mslt_en_fr_paws_x_xlmr_fft,paws_x,xlmr,fft,en_fr,fr,1,accuracy,0.912999987602234
mslt_en_fr_paws_x_xlmr_fft,paws_x,xlmr,fft,en_fr,ja,1,ece,0.1668512821197509
mslt_en_fr_paws_x_xlmr_fft,paws_x,xlmr,fft,en_fr,ja,1,accuracy,0.7785000205039978
mslt_en_fr_paws_x_xlmr_fft,paws_x,xlmr,fft,en_fr,ko,1,ece,0.1641289889812469
mslt_en_fr_paws_x_xlmr_fft,paws_x,xlmr,fft,en_fr,ko,1,accuracy,0.7795000076293945
mslt_en_fr_paws_x_xlmr_fft,paws_x,xlmr,fft,en_fr,zh,1,ece,0.1360780894756317
mslt_en_fr_paws_x_xlmr_fft,paws_x,xlmr,fft,en_fr,zh,1,accuracy,0.8134999871253967
mslt_en_fr_paws_x_xlmr_fft,paws_x,xlmr,fft,en_fr,de,0,ece,0.0965836644172668
mslt_en_fr_paws_x_xlmr_fft,paws_x,xlmr,fft,en_fr,de,0,accuracy,0.8725000023841858
mslt_en_fr_paws_x_xlmr_fft,paws_x,xlmr,fft,en_fr,en,0,ece,0.0493787787854671
mslt_en_fr_paws_x_xlmr_fft,paws_x,xlmr,fft,en_fr,en,0,accuracy,0.9394999742507936
mslt_en_fr_paws_x_xlmr_fft,paws_x,xlmr,fft,en_fr,es,0,ece,0.072817288339138
mslt_en_fr_paws_x_xlmr_fft,paws_x,xlmr,fft,en_fr,es,0,accuracy,0.8980000019073486
mslt_en_fr_paws_x_xlmr_fft,paws_x,xlmr,fft,en_fr,fr,0,ece,0.0688848122954368
mslt_en_fr_paws_x_xlmr_fft,paws_x,xlmr,fft,en_fr,fr,0,accuracy,0.9020000100135804
mslt_en_fr_paws_x_xlmr_fft,paws_x,xlmr,fft,en_fr,ja,0,ece,0.1674923151731491
mslt_en_fr_paws_x_xlmr_fft,paws_x,xlmr,fft,en_fr,ja,0,accuracy,0.7799999713897705
mslt_en_fr_paws_x_xlmr_fft,paws_x,xlmr,fft,en_fr,ko,0,ece,0.1650318354368209
mslt_en_fr_paws_x_xlmr_fft,paws_x,xlmr,fft,en_fr,ko,0,accuracy,0.7745000123977661
mslt_en_fr_paws_x_xlmr_fft,paws_x,xlmr,fft,en_fr,zh,0,ece,0.1330847144126892
mslt_en_fr_paws_x_xlmr_fft,paws_x,xlmr,fft,en_fr,zh,0,accuracy,0.815500020980835
mslt_en_fr_paws_x_xlmr_fft,paws_x,xlmr,fft,en_fr,de,2,ece,0.0960819646716117
mslt_en_fr_paws_x_xlmr_fft,paws_x,xlmr,fft,en_fr,de,2,accuracy,0.8865000009536743
mslt_en_fr_paws_x_xlmr_fft,paws_x,xlmr,fft,en_fr,en,2,ece,0.0445318929851055
mslt_en_fr_paws_x_xlmr_fft,paws_x,xlmr,fft,en_fr,en,2,accuracy,0.9480000138282776
mslt_en_fr_paws_x_xlmr_fft,paws_x,xlmr,fft,en_fr,es,2,ece,0.0818928629159927
mslt_en_fr_paws_x_xlmr_fft,paws_x,xlmr,fft,en_fr,es,2,accuracy,0.9024999737739564
mslt_en_fr_paws_x_xlmr_fft,paws_x,xlmr,fft,en_fr,fr,2,ece,0.0769020840525627
mslt_en_fr_paws_x_xlmr_fft,paws_x,xlmr,fft,en_fr,fr,2,accuracy,0.906499981880188
mslt_en_fr_paws_x_xlmr_fft,paws_x,xlmr,fft,en_fr,ja,2,ece,0.1848828792572021
mslt_en_fr_paws_x_xlmr_fft,paws_x,xlmr,fft,en_fr,ja,2,accuracy,0.777999997138977
mslt_en_fr_paws_x_xlmr_fft,paws_x,xlmr,fft,en_fr,ko,2,ece,0.2023621052503585
mslt_en_fr_paws_x_xlmr_fft,paws_x,xlmr,fft,en_fr,ko,2,accuracy,0.762499988079071
mslt_en_fr_paws_x_xlmr_fft,paws_x,xlmr,fft,en_fr,zh,2,ece,0.1506346762180328
mslt_en_fr_paws_x_xlmr_fft,paws_x,xlmr,fft,en_fr,zh,2,accuracy,0.8159999847412109
mslt_en_fr_paws_x_xlmr_fft,paws_x,xlmr,fft,en_fr,de,3,ece,0.0577061101794242
mslt_en_fr_paws_x_xlmr_fft,paws_x,xlmr,fft,en_fr,de,3,accuracy,0.8845000267028809
mslt_en_fr_paws_x_xlmr_fft,paws_x,xlmr,fft,en_fr,en,3,ece,0.0258165523409843
mslt_en_fr_paws_x_xlmr_fft,paws_x,xlmr,fft,en_fr,en,3,accuracy,0.9484999775886536
mslt_en_fr_paws_x_xlmr_fft,paws_x,xlmr,fft,en_fr,es,3,ece,0.058764811605215
mslt_en_fr_paws_x_xlmr_fft,paws_x,xlmr,fft,en_fr,es,3,accuracy,0.8930000066757202
mslt_en_fr_paws_x_xlmr_fft,paws_x,xlmr,fft,en_fr,fr,3,ece,0.0483431182801723
mslt_en_fr_paws_x_xlmr_fft,paws_x,xlmr,fft,en_fr,fr,3,accuracy,0.9004999995231628
mslt_en_fr_paws_x_xlmr_fft,paws_x,xlmr,fft,en_fr,ja,3,ece,0.1206130236387252
mslt_en_fr_paws_x_xlmr_fft,paws_x,xlmr,fft,en_fr,ja,3,accuracy,0.7710000276565552
mslt_en_fr_paws_x_xlmr_fft,paws_x,xlmr,fft,en_fr,ko,3,ece,0.1286530196666717
mslt_en_fr_paws_x_xlmr_fft,paws_x,xlmr,fft,en_fr,ko,3,accuracy,0.7789999842643738
mslt_en_fr_paws_x_xlmr_fft,paws_x,xlmr,fft,en_fr,zh,3,ece,0.1018195748329162
mslt_en_fr_paws_x_xlmr_fft,paws_x,xlmr,fft,en_fr,zh,3,accuracy,0.8190000057220459
mslt_en_de_paws_x_mbert_fft,paws_x,mbert,fft,en_de,de,4,ece,0.0895667672157287
mslt_en_de_paws_x_mbert_fft,paws_x,mbert,fft,en_de,de,4,accuracy,0.8840000033378601
mslt_en_de_paws_x_mbert_fft,paws_x,mbert,fft,en_de,en,4,ece,0.0505890846252441
mslt_en_de_paws_x_mbert_fft,paws_x,mbert,fft,en_de,en,4,accuracy,0.9359999895095824
mslt_en_de_paws_x_mbert_fft,paws_x,mbert,fft,en_de,es,4,ece,0.0814167708158493
mslt_en_de_paws_x_mbert_fft,paws_x,mbert,fft,en_de,es,4,accuracy,0.8934999704360962
mslt_en_de_paws_x_mbert_fft,paws_x,mbert,fft,en_de,fr,4,ece,0.0819741934537887
mslt_en_de_paws_x_mbert_fft,paws_x,mbert,fft,en_de,fr,4,accuracy,0.8889999985694885
mslt_en_de_paws_x_mbert_fft,paws_x,mbert,fft,en_de,ja,4,ece,0.182634949684143
mslt_en_de_paws_x_mbert_fft,paws_x,mbert,fft,en_de,ja,4,accuracy,0.7559999823570251
mslt_en_de_paws_x_mbert_fft,paws_x,mbert,fft,en_de,ko,4,ece,0.1888480186462402
mslt_en_de_paws_x_mbert_fft,paws_x,mbert,fft,en_de,ko,4,accuracy,0.7505000233650208
mslt_en_de_paws_x_mbert_fft,paws_x,mbert,fft,en_de,zh,4,ece,0.1502652168273925
mslt_en_de_paws_x_mbert_fft,paws_x,mbert,fft,en_de,zh,4,accuracy,0.8025000095367432
mslt_en_de_paws_x_mbert_fft,paws_x,mbert,fft,en_de,de,1,ece,0.0996191501617431
mslt_en_de_paws_x_mbert_fft,paws_x,mbert,fft,en_de,de,1,accuracy,0.875
mslt_en_de_paws_x_mbert_fft,paws_x,mbert,fft,en_de,en,1,ece,0.0507753267884254
mslt_en_de_paws_x_mbert_fft,paws_x,mbert,fft,en_de,en,1,accuracy,0.9384999871253968
mslt_en_de_paws_x_mbert_fft,paws_x,mbert,fft,en_de,es,1,ece,0.0948086231946945
mslt_en_de_paws_x_mbert_fft,paws_x,mbert,fft,en_de,es,1,accuracy,0.8820000290870667
mslt_en_de_paws_x_mbert_fft,paws_x,mbert,fft,en_de,fr,1,ece,0.090973325073719
mslt_en_de_paws_x_mbert_fft,paws_x,mbert,fft,en_de,fr,1,accuracy,0.8820000290870667
mslt_en_de_paws_x_mbert_fft,paws_x,mbert,fft,en_de,ja,1,ece,0.177879974246025
mslt_en_de_paws_x_mbert_fft,paws_x,mbert,fft,en_de,ja,1,accuracy,0.7735000252723694
mslt_en_de_paws_x_mbert_fft,paws_x,mbert,fft,en_de,ko,1,ece,0.2324001789093017
mslt_en_de_paws_x_mbert_fft,paws_x,mbert,fft,en_de,ko,1,accuracy,0.7300000190734863
mslt_en_de_paws_x_mbert_fft,paws_x,mbert,fft,en_de,zh,1,ece,0.154300183057785
mslt_en_de_paws_x_mbert_fft,paws_x,mbert,fft,en_de,zh,1,accuracy,0.8090000152587891
mslt_en_de_paws_x_mbert_fft,paws_x,mbert,fft,en_de,de,0,ece,0.0925479382276535
mslt_en_de_paws_x_mbert_fft,paws_x,mbert,fft,en_de,de,0,accuracy,0.8824999928474426
mslt_en_de_paws_x_mbert_fft,paws_x,mbert,fft,en_de,en,0,ece,0.046966154128313
mslt_en_de_paws_x_mbert_fft,paws_x,mbert,fft,en_de,en,0,accuracy,0.9430000185966492
mslt_en_de_paws_x_mbert_fft,paws_x,mbert,fft,en_de,es,0,ece,0.0910162478685379
mslt_en_de_paws_x_mbert_fft,paws_x,mbert,fft,en_de,es,0,accuracy,0.8849999904632568
mslt_en_de_paws_x_mbert_fft,paws_x,mbert,fft,en_de,fr,0,ece,0.0933659672737121
mslt_en_de_paws_x_mbert_fft,paws_x,mbert,fft,en_de,fr,0,accuracy,0.8834999799728394
mslt_en_de_paws_x_mbert_fft,paws_x,mbert,fft,en_de,ja,0,ece,0.1887044012546539
mslt_en_de_paws_x_mbert_fft,paws_x,mbert,fft,en_de,ja,0,accuracy,0.7605000138282776
mslt_en_de_paws_x_mbert_fft,paws_x,mbert,fft,en_de,ko,0,ece,0.2184165567159652
mslt_en_de_paws_x_mbert_fft,paws_x,mbert,fft,en_de,ko,0,accuracy,0.7404999732971191
mslt_en_de_paws_x_mbert_fft,paws_x,mbert,fft,en_de,zh,0,ece,0.165542259812355
mslt_en_de_paws_x_mbert_fft,paws_x,mbert,fft,en_de,zh,0,accuracy,0.7979999780654907
mslt_en_de_paws_x_mbert_fft,paws_x,mbert,fft,en_de,de,2,ece,0.0777474269270896
mslt_en_de_paws_x_mbert_fft,paws_x,mbert,fft,en_de,de,2,accuracy,0.8734999895095825
mslt_en_de_paws_x_mbert_fft,paws_x,mbert,fft,en_de,en,2,ece,0.0380904227495193
mslt_en_de_paws_x_mbert_fft,paws_x,mbert,fft,en_de,en,2,accuracy,0.9415000081062316
mslt_en_de_paws_x_mbert_fft,paws_x,mbert,fft,en_de,es,2,ece,0.082667626440525
mslt_en_de_paws_x_mbert_fft,paws_x,mbert,fft,en_de,es,2,accuracy,0.8744999766349792
mslt_en_de_paws_x_mbert_fft,paws_x,mbert,fft,en_de,fr,2,ece,0.0825919434428215
mslt_en_de_paws_x_mbert_fft,paws_x,mbert,fft,en_de,fr,2,accuracy,0.8744999766349792
mslt_en_de_paws_x_mbert_fft,paws_x,mbert,fft,en_de,ja,2,ece,0.1811567991971969
mslt_en_de_paws_x_mbert_fft,paws_x,mbert,fft,en_de,ja,2,accuracy,0.7329999804496765
mslt_en_de_paws_x_mbert_fft,paws_x,mbert,fft,en_de,ko,2,ece,0.1838445514440536
mslt_en_de_paws_x_mbert_fft,paws_x,mbert,fft,en_de,ko,2,accuracy,0.7475000023841858
mslt_en_de_paws_x_mbert_fft,paws_x,mbert,fft,en_de,zh,2,ece,0.1565326750278473
mslt_en_de_paws_x_mbert_fft,paws_x,mbert,fft,en_de,zh,2,accuracy,0.7820000052452087
mslt_en_de_paws_x_mbert_fft,paws_x,mbert,fft,en_de,de,3,ece,0.0906932353973388
mslt_en_de_paws_x_mbert_fft,paws_x,mbert,fft,en_de,de,3,accuracy,0.8834999799728394
mslt_en_de_paws_x_mbert_fft,paws_x,mbert,fft,en_de,en,3,ece,0.0468014478683471
mslt_en_de_paws_x_mbert_fft,paws_x,mbert,fft,en_de,en,3,accuracy,0.9424999952316284
mslt_en_de_paws_x_mbert_fft,paws_x,mbert,fft,en_de,es,3,ece,0.0877720266580581
mslt_en_de_paws_x_mbert_fft,paws_x,mbert,fft,en_de,es,3,accuracy,0.887499988079071
mslt_en_de_paws_x_mbert_fft,paws_x,mbert,fft,en_de,fr,3,ece,0.0845068916678428
mslt_en_de_paws_x_mbert_fft,paws_x,mbert,fft,en_de,fr,3,accuracy,0.8934999704360962
mslt_en_de_paws_x_mbert_fft,paws_x,mbert,fft,en_de,ja,3,ece,0.181238055229187
mslt_en_de_paws_x_mbert_fft,paws_x,mbert,fft,en_de,ja,3,accuracy,0.7609999775886536
mslt_en_de_paws_x_mbert_fft,paws_x,mbert,fft,en_de,ko,3,ece,0.2107744365930557
mslt_en_de_paws_x_mbert_fft,paws_x,mbert,fft,en_de,ko,3,accuracy,0.7444999814033508
mslt_en_de_paws_x_mbert_fft,paws_x,mbert,fft,en_de,zh,3,ece,0.1511648446321487
mslt_en_de_paws_x_mbert_fft,paws_x,mbert,fft,en_de,zh,3,accuracy,0.8134999871253967
mslt_en_en_paws_x_xlmr_fft,paws_x,xlmr,fft,en_en,de,4,ece,0.069212719798088
mslt_en_en_paws_x_xlmr_fft,paws_x,xlmr,fft,en_en,de,4,accuracy,0.8849999904632568
mslt_en_en_paws_x_xlmr_fft,paws_x,xlmr,fft,en_en,en,4,ece,0.0318370833992958
mslt_en_en_paws_x_xlmr_fft,paws_x,xlmr,fft,en_en,en,4,accuracy,0.9415000081062316
mslt_en_en_paws_x_xlmr_fft,paws_x,xlmr,fft,en_en,es,4,ece,0.0642318725585937
mslt_en_en_paws_x_xlmr_fft,paws_x,xlmr,fft,en_en,es,4,accuracy,0.8805000185966492
mslt_en_en_paws_x_xlmr_fft,paws_x,xlmr,fft,en_en,fr,4,ece,0.0558724924921989
mslt_en_en_paws_x_xlmr_fft,paws_x,xlmr,fft,en_en,fr,4,accuracy,0.8920000195503235
mslt_en_en_paws_x_xlmr_fft,paws_x,xlmr,fft,en_en,ja,4,ece,0.1237083151936531
mslt_en_en_paws_x_xlmr_fft,paws_x,xlmr,fft,en_en,ja,4,accuracy,0.7674999833106995
mslt_en_en_paws_x_xlmr_fft,paws_x,xlmr,fft,en_en,ko,4,ece,0.1448082029819488
mslt_en_en_paws_x_xlmr_fft,paws_x,xlmr,fft,en_en,ko,4,accuracy,0.7574999928474426
mslt_en_en_paws_x_xlmr_fft,paws_x,xlmr,fft,en_en,zh,4,ece,0.1105020120739936
mslt_en_en_paws_x_xlmr_fft,paws_x,xlmr,fft,en_en,zh,4,accuracy,0.8100000023841858
mslt_en_en_paws_x_xlmr_fft,paws_x,xlmr,fft,en_en,de,1,ece,0.0958267673850059
mslt_en_en_paws_x_xlmr_fft,paws_x,xlmr,fft,en_en,de,1,accuracy,0.8809999823570251
mslt_en_en_paws_x_xlmr_fft,paws_x,xlmr,fft,en_en,en,1,ece,0.0425640381872653
mslt_en_en_paws_x_xlmr_fft,paws_x,xlmr,fft,en_en,en,1,accuracy,0.9474999904632568
mslt_en_en_paws_x_xlmr_fft,paws_x,xlmr,fft,en_en,es,1,ece,0.0895471647381782
mslt_en_en_paws_x_xlmr_fft,paws_x,xlmr,fft,en_en,es,1,accuracy,0.8870000243186951
mslt_en_en_paws_x_xlmr_fft,paws_x,xlmr,fft,en_en,fr,1,ece,0.0884059369564056
mslt_en_en_paws_x_xlmr_fft,paws_x,xlmr,fft,en_en,fr,1,accuracy,0.8914999961853027
mslt_en_en_paws_x_xlmr_fft,paws_x,xlmr,fft,en_en,ja,1,ece,0.1700309216976165
mslt_en_en_paws_x_xlmr_fft,paws_x,xlmr,fft,en_en,ja,1,accuracy,0.7754999995231628
mslt_en_en_paws_x_xlmr_fft,paws_x,xlmr,fft,en_en,ko,1,ece,0.1918238550424575
mslt_en_en_paws_x_xlmr_fft,paws_x,xlmr,fft,en_en,ko,1,accuracy,0.7620000243186951
mslt_en_en_paws_x_xlmr_fft,paws_x,xlmr,fft,en_en,zh,1,ece,0.1456684917211532
mslt_en_en_paws_x_xlmr_fft,paws_x,xlmr,fft,en_en,zh,1,accuracy,0.8050000071525574
mslt_en_en_paws_x_xlmr_fft,paws_x,xlmr,fft,en_en,de,0,ece,0.0456800200045108
mslt_en_en_paws_x_xlmr_fft,paws_x,xlmr,fft,en_en,de,0,accuracy,0.8675000071525574
mslt_en_en_paws_x_xlmr_fft,paws_x,xlmr,fft,en_en,en,0,ece,0.0222573410719633
mslt_en_en_paws_x_xlmr_fft,paws_x,xlmr,fft,en_en,en,0,accuracy,0.9415000081062316
mslt_en_en_paws_x_xlmr_fft,paws_x,xlmr,fft,en_en,es,0,ece,0.050551563501358
mslt_en_en_paws_x_xlmr_fft,paws_x,xlmr,fft,en_en,es,0,accuracy,0.8694999814033508
mslt_en_en_paws_x_xlmr_fft,paws_x,xlmr,fft,en_en,fr,0,ece,0.0383975468575954
mslt_en_en_paws_x_xlmr_fft,paws_x,xlmr,fft,en_en,fr,0,accuracy,0.8924999833106995
mslt_en_en_paws_x_xlmr_fft,paws_x,xlmr,fft,en_en,ja,0,ece,0.0797747075557708
mslt_en_en_paws_x_xlmr_fft,paws_x,xlmr,fft,en_en,ja,0,accuracy,0.7639999985694885
mslt_en_en_paws_x_xlmr_fft,paws_x,xlmr,fft,en_en,ko,0,ece,0.1159770339727401
mslt_en_en_paws_x_xlmr_fft,paws_x,xlmr,fft,en_en,ko,0,accuracy,0.7440000176429749
mslt_en_en_paws_x_xlmr_fft,paws_x,xlmr,fft,en_en,zh,0,ece,0.0670498758554458
mslt_en_en_paws_x_xlmr_fft,paws_x,xlmr,fft,en_en,zh,0,accuracy,0.8029999732971191
mslt_en_en_paws_x_xlmr_fft,paws_x,xlmr,fft,en_en,de,2,ece,0.0852203965187072
mslt_en_en_paws_x_xlmr_fft,paws_x,xlmr,fft,en_en,de,2,accuracy,0.8740000128746033
mslt_en_en_paws_x_xlmr_fft,paws_x,xlmr,fft,en_en,en,2,ece,0.0416324585676193
mslt_en_en_paws_x_xlmr_fft,paws_x,xlmr,fft,en_en,en,2,accuracy,0.940500020980835
mslt_en_en_paws_x_xlmr_fft,paws_x,xlmr,fft,en_en,es,2,ece,0.0792161673307418
mslt_en_en_paws_x_xlmr_fft,paws_x,xlmr,fft,en_en,es,2,accuracy,0.8799999952316284
mslt_en_en_paws_x_xlmr_fft,paws_x,xlmr,fft,en_en,fr,2,ece,0.0772402286529541
mslt_en_en_paws_x_xlmr_fft,paws_x,xlmr,fft,en_en,fr,2,accuracy,0.8880000114440918
mslt_en_en_paws_x_xlmr_fft,paws_x,xlmr,fft,en_en,ja,2,ece,0.1646562665700912
mslt_en_en_paws_x_xlmr_fft,paws_x,xlmr,fft,en_en,ja,2,accuracy,0.7639999985694885
mslt_en_en_paws_x_xlmr_fft,paws_x,xlmr,fft,en_en,ko,2,ece,0.1971535980701446
mslt_en_en_paws_x_xlmr_fft,paws_x,xlmr,fft,en_en,ko,2,accuracy,0.75
mslt_en_en_paws_x_xlmr_fft,paws_x,xlmr,fft,en_en,zh,2,ece,0.1447486281394958
mslt_en_en_paws_x_xlmr_fft,paws_x,xlmr,fft,en_en,zh,2,accuracy,0.7954999804496765
mslt_en_en_paws_x_xlmr_fft,paws_x,xlmr,fft,en_en,de,3,ece,0.0478062368929386
mslt_en_en_paws_x_xlmr_fft,paws_x,xlmr,fft,en_en,de,3,accuracy,0.8730000257492065
mslt_en_en_paws_x_xlmr_fft,paws_x,xlmr,fft,en_en,en,3,ece,0.0168266594409942
mslt_en_en_paws_x_xlmr_fft,paws_x,xlmr,fft,en_en,en,3,accuracy,0.944000005722046
mslt_en_en_paws_x_xlmr_fft,paws_x,xlmr,fft,en_en,es,3,ece,0.0526989139616489
mslt_en_en_paws_x_xlmr_fft,paws_x,xlmr,fft,en_en,es,3,accuracy,0.8824999928474426
mslt_en_en_paws_x_xlmr_fft,paws_x,xlmr,fft,en_en,fr,3,ece,0.0412783063948154
mslt_en_en_paws_x_xlmr_fft,paws_x,xlmr,fft,en_en,fr,3,accuracy,0.8920000195503235
mslt_en_en_paws_x_xlmr_fft,paws_x,xlmr,fft,en_en,ja,3,ece,0.0981030017137527
mslt_en_en_paws_x_xlmr_fft,paws_x,xlmr,fft,en_en,ja,3,accuracy,0.7699999809265137
mslt_en_en_paws_x_xlmr_fft,paws_x,xlmr,fft,en_en,ko,3,ece,0.1375303417444229
mslt_en_en_paws_x_xlmr_fft,paws_x,xlmr,fft,en_en,ko,3,accuracy,0.7490000128746033
mslt_en_en_paws_x_xlmr_fft,paws_x,xlmr,fft,en_en,zh,3,ece,0.0803238153457641
mslt_en_en_paws_x_xlmr_fft,paws_x,xlmr,fft,en_en,zh,3,accuracy,0.8034999966621399
mslt_en_ja_paws_x_mbert_fft,paws_x,mbert,fft,en_ja,de,4,ece,0.0993107706308364
mslt_en_ja_paws_x_mbert_fft,paws_x,mbert,fft,en_ja,de,4,accuracy,0.8544999957084656
mslt_en_ja_paws_x_mbert_fft,paws_x,mbert,fft,en_ja,en,4,ece,0.0444973595440387
mslt_en_ja_paws_x_mbert_fft,paws_x,mbert,fft,en_ja,en,4,accuracy,0.9355000257492064
mslt_en_ja_paws_x_mbert_fft,paws_x,mbert,fft,en_ja,es,4,ece,0.0696436762809753
mslt_en_ja_paws_x_mbert_fft,paws_x,mbert,fft,en_ja,es,4,accuracy,0.8930000066757202
mslt_en_ja_paws_x_mbert_fft,paws_x,mbert,fft,en_ja,fr,4,ece,0.0671168193221092
mslt_en_ja_paws_x_mbert_fft,paws_x,mbert,fft,en_ja,fr,4,accuracy,0.8870000243186951
mslt_en_ja_paws_x_mbert_fft,paws_x,mbert,fft,en_ja,ja,4,ece,0.1325636506080627
mslt_en_ja_paws_x_mbert_fft,paws_x,mbert,fft,en_ja,ja,4,accuracy,0.7954999804496765
mslt_en_ja_paws_x_mbert_fft,paws_x,mbert,fft,en_ja,ko,4,ece,0.1294721961021423
mslt_en_ja_paws_x_mbert_fft,paws_x,mbert,fft,en_ja,ko,4,accuracy,0.7900000214576721
mslt_en_ja_paws_x_mbert_fft,paws_x,mbert,fft,en_ja,zh,4,ece,0.1246638000011444
mslt_en_ja_paws_x_mbert_fft,paws_x,mbert,fft,en_ja,zh,4,accuracy,0.8180000185966492
mslt_en_ja_paws_x_mbert_fft,paws_x,mbert,fft,en_ja,de,1,ece,0.1075636148452758
mslt_en_ja_paws_x_mbert_fft,paws_x,mbert,fft,en_ja,de,1,accuracy,0.8579999804496765
mslt_en_ja_paws_x_mbert_fft,paws_x,mbert,fft,en_ja,en,1,ece,0.0570688620209693
mslt_en_ja_paws_x_mbert_fft,paws_x,mbert,fft,en_ja,en,1,accuracy,0.9300000071525574
mslt_en_ja_paws_x_mbert_fft,paws_x,mbert,fft,en_ja,es,1,ece,0.0847164988517761
mslt_en_ja_paws_x_mbert_fft,paws_x,mbert,fft,en_ja,es,1,accuracy,0.8820000290870667
mslt_en_ja_paws_x_mbert_fft,paws_x,mbert,fft,en_ja,fr,1,ece,0.0897582992911338
mslt_en_ja_paws_x_mbert_fft,paws_x,mbert,fft,en_ja,fr,1,accuracy,0.8769999742507935
mslt_en_ja_paws_x_mbert_fft,paws_x,mbert,fft,en_ja,ja,1,ece,0.1433695554733276
mslt_en_ja_paws_x_mbert_fft,paws_x,mbert,fft,en_ja,ja,1,accuracy,0.8075000047683716
mslt_en_ja_paws_x_mbert_fft,paws_x,mbert,fft,en_ja,ko,1,ece,0.1632641404867172
mslt_en_ja_paws_x_mbert_fft,paws_x,mbert,fft,en_ja,ko,1,accuracy,0.7860000133514404
mslt_en_ja_paws_x_mbert_fft,paws_x,mbert,fft,en_ja,zh,1,ece,0.1315507441759109
mslt_en_ja_paws_x_mbert_fft,paws_x,mbert,fft,en_ja,zh,1,accuracy,0.8255000114440918
mslt_en_ja_paws_x_mbert_fft,paws_x,mbert,fft,en_ja,de,0,ece,0.1131658405065536
mslt_en_ja_paws_x_mbert_fft,paws_x,mbert,fft,en_ja,de,0,accuracy,0.8615000247955322
mslt_en_ja_paws_x_mbert_fft,paws_x,mbert,fft,en_ja,en,0,ece,0.0574644990265369
mslt_en_ja_paws_x_mbert_fft,paws_x,mbert,fft,en_ja,en,0,accuracy,0.9315000176429749
mslt_en_ja_paws_x_mbert_fft,paws_x,mbert,fft,en_ja,es,0,ece,0.0977863520383834
mslt_en_ja_paws_x_mbert_fft,paws_x,mbert,fft,en_ja,es,0,accuracy,0.8769999742507935
mslt_en_ja_paws_x_mbert_fft,paws_x,mbert,fft,en_ja,fr,0,ece,0.0975306332111358
mslt_en_ja_paws_x_mbert_fft,paws_x,mbert,fft,en_ja,fr,0,accuracy,0.8734999895095825
mslt_en_ja_paws_x_mbert_fft,paws_x,mbert,fft,en_ja,ja,0,ece,0.1533118188381195
mslt_en_ja_paws_x_mbert_fft,paws_x,mbert,fft,en_ja,ja,0,accuracy,0.8105000257492065
mslt_en_ja_paws_x_mbert_fft,paws_x,mbert,fft,en_ja,ko,0,ece,0.1620253622531891
mslt_en_ja_paws_x_mbert_fft,paws_x,mbert,fft,en_ja,ko,0,accuracy,0.7910000085830688
mslt_en_ja_paws_x_mbert_fft,paws_x,mbert,fft,en_ja,zh,0,ece,0.1354846060276031
mslt_en_ja_paws_x_mbert_fft,paws_x,mbert,fft,en_ja,zh,0,accuracy,0.8305000066757202
mslt_en_ja_paws_x_mbert_fft,paws_x,mbert,fft,en_ja,de,2,ece,0.0973191112279892
mslt_en_ja_paws_x_mbert_fft,paws_x,mbert,fft,en_ja,de,2,accuracy,0.8654999732971191
mslt_en_ja_paws_x_mbert_fft,paws_x,mbert,fft,en_ja,en,2,ece,0.0488745048642158
mslt_en_ja_paws_x_mbert_fft,paws_x,mbert,fft,en_ja,en,2,accuracy,0.9399999976158142
mslt_en_ja_paws_x_mbert_fft,paws_x,mbert,fft,en_ja,es,2,ece,0.09706961363554
mslt_en_ja_paws_x_mbert_fft,paws_x,mbert,fft,en_ja,es,2,accuracy,0.8725000023841858
mslt_en_ja_paws_x_mbert_fft,paws_x,mbert,fft,en_ja,fr,2,ece,0.0877355113625526
mslt_en_ja_paws_x_mbert_fft,paws_x,mbert,fft,en_ja,fr,2,accuracy,0.875
mslt_en_ja_paws_x_mbert_fft,paws_x,mbert,fft,en_ja,ja,2,ece,0.1391236335039138
mslt_en_ja_paws_x_mbert_fft,paws_x,mbert,fft,en_ja,ja,2,accuracy,0.8149999976158142
mslt_en_ja_paws_x_mbert_fft,paws_x,mbert,fft,en_ja,ko,2,ece,0.1584601104259491
mslt_en_ja_paws_x_mbert_fft,paws_x,mbert,fft,en_ja,ko,2,accuracy,0.7804999947547913
mslt_en_ja_paws_x_mbert_fft,paws_x,mbert,fft,en_ja,zh,2,ece,0.1234540566802024
mslt_en_ja_paws_x_mbert_fft,paws_x,mbert,fft,en_ja,zh,2,accuracy,0.8324999809265137
mslt_en_ja_paws_x_mbert_fft,paws_x,mbert,fft,en_ja,de,3,ece,0.1033878251910209
mslt_en_ja_paws_x_mbert_fft,paws_x,mbert,fft,en_ja,de,3,accuracy,0.8669999837875366
mslt_en_ja_paws_x_mbert_fft,paws_x,mbert,fft,en_ja,en,3,ece,0.0550379604101181
mslt_en_ja_paws_x_mbert_fft,paws_x,mbert,fft,en_ja,en,3,accuracy,0.9355000257492064
mslt_en_ja_paws_x_mbert_fft,paws_x,mbert,fft,en_ja,es,3,ece,0.0934228673577308
mslt_en_ja_paws_x_mbert_fft,paws_x,mbert,fft,en_ja,es,3,accuracy,0.8824999928474426
mslt_en_ja_paws_x_mbert_fft,paws_x,mbert,fft,en_ja,fr,3,ece,0.0905567407608032
mslt_en_ja_paws_x_mbert_fft,paws_x,mbert,fft,en_ja,fr,3,accuracy,0.8805000185966492
mslt_en_ja_paws_x_mbert_fft,paws_x,mbert,fft,en_ja,ja,3,ece,0.1541226804256439
mslt_en_ja_paws_x_mbert_fft,paws_x,mbert,fft,en_ja,ja,3,accuracy,0.8130000233650208
mslt_en_ja_paws_x_mbert_fft,paws_x,mbert,fft,en_ja,ko,3,ece,0.1672127097845077
mslt_en_ja_paws_x_mbert_fft,paws_x,mbert,fft,en_ja,ko,3,accuracy,0.784500002861023
mslt_en_ja_paws_x_mbert_fft,paws_x,mbert,fft,en_ja,zh,3,ece,0.1381264626979828
mslt_en_ja_paws_x_mbert_fft,paws_x,mbert,fft,en_ja,zh,3,accuracy,0.8264999985694885
mslt_en_es_paws_x_xlmr_fft,paws_x,xlmr,fft,en_es,de,4,ece,0.0483716800808906
mslt_en_es_paws_x_xlmr_fft,paws_x,xlmr,fft,en_es,de,4,accuracy,0.8774999976158142
mslt_en_es_paws_x_xlmr_fft,paws_x,xlmr,fft,en_es,en,4,ece,0.0205691568553447
mslt_en_es_paws_x_xlmr_fft,paws_x,xlmr,fft,en_es,en,4,accuracy,0.940500020980835
mslt_en_es_paws_x_xlmr_fft,paws_x,xlmr,fft,en_es,es,4,ece,0.0438748635351657
mslt_en_es_paws_x_xlmr_fft,paws_x,xlmr,fft,en_es,es,4,accuracy,0.8930000066757202
mslt_en_es_paws_x_xlmr_fft,paws_x,xlmr,fft,en_es,fr,4,ece,0.0310539882630109
mslt_en_es_paws_x_xlmr_fft,paws_x,xlmr,fft,en_es,fr,4,accuracy,0.8970000147819519
mslt_en_es_paws_x_xlmr_fft,paws_x,xlmr,fft,en_es,ja,4,ece,0.092321015894413
mslt_en_es_paws_x_xlmr_fft,paws_x,xlmr,fft,en_es,ja,4,accuracy,0.7714999914169312
mslt_en_es_paws_x_xlmr_fft,paws_x,xlmr,fft,en_es,ko,4,ece,0.126766562461853
mslt_en_es_paws_x_xlmr_fft,paws_x,xlmr,fft,en_es,ko,4,accuracy,0.7689999938011169
mslt_en_es_paws_x_xlmr_fft,paws_x,xlmr,fft,en_es,zh,4,ece,0.0722054094076156
mslt_en_es_paws_x_xlmr_fft,paws_x,xlmr,fft,en_es,zh,4,accuracy,0.8190000057220459
mslt_en_es_paws_x_xlmr_fft,paws_x,xlmr,fft,en_es,de,1,ece,0.0663361102342605
mslt_en_es_paws_x_xlmr_fft,paws_x,xlmr,fft,en_es,de,1,accuracy,0.878000020980835
mslt_en_es_paws_x_xlmr_fft,paws_x,xlmr,fft,en_es,en,1,ece,0.0303130764514207
mslt_en_es_paws_x_xlmr_fft,paws_x,xlmr,fft,en_es,en,1,accuracy,0.940500020980835
mslt_en_es_paws_x_xlmr_fft,paws_x,xlmr,fft,en_es,es,1,ece,0.050485074520111
mslt_en_es_paws_x_xlmr_fft,paws_x,xlmr,fft,en_es,es,1,accuracy,0.8970000147819519
mslt_en_es_paws_x_xlmr_fft,paws_x,xlmr,fft,en_es,fr,1,ece,0.0454773008823394
mslt_en_es_paws_x_xlmr_fft,paws_x,xlmr,fft,en_es,fr,1,accuracy,0.8989999890327454
mslt_en_es_paws_x_xlmr_fft,paws_x,xlmr,fft,en_es,ja,1,ece,0.1129679903388023
mslt_en_es_paws_x_xlmr_fft,paws_x,xlmr,fft,en_es,ja,1,accuracy,0.7749999761581421
mslt_en_es_paws_x_xlmr_fft,paws_x,xlmr,fft,en_es,ko,1,ece,0.1297484338283538
mslt_en_es_paws_x_xlmr_fft,paws_x,xlmr,fft,en_es,ko,1,accuracy,0.7680000066757202
mslt_en_es_paws_x_xlmr_fft,paws_x,xlmr,fft,en_es,zh,1,ece,0.1029758900403976
mslt_en_es_paws_x_xlmr_fft,paws_x,xlmr,fft,en_es,zh,1,accuracy,0.8100000023841858
mslt_en_es_paws_x_xlmr_fft,paws_x,xlmr,fft,en_es,de,0,ece,0.0752372369170188
mslt_en_es_paws_x_xlmr_fft,paws_x,xlmr,fft,en_es,de,0,accuracy,0.8920000195503235
mslt_en_es_paws_x_xlmr_fft,paws_x,xlmr,fft,en_es,en,0,ece,0.0437794514000415
mslt_en_es_paws_x_xlmr_fft,paws_x,xlmr,fft,en_es,en,0,accuracy,0.9390000104904176
mslt_en_es_paws_x_xlmr_fft,paws_x,xlmr,fft,en_es,es,0,ece,0.0667063519358635
mslt_en_es_paws_x_xlmr_fft,paws_x,xlmr,fft,en_es,es,0,accuracy,0.9010000228881836
mslt_en_es_paws_x_xlmr_fft,paws_x,xlmr,fft,en_es,fr,0,ece,0.06126469373703
mslt_en_es_paws_x_xlmr_fft,paws_x,xlmr,fft,en_es,fr,0,accuracy,0.9079999923706056
mslt_en_es_paws_x_xlmr_fft,paws_x,xlmr,fft,en_es,ja,0,ece,0.1574898660182953
mslt_en_es_paws_x_xlmr_fft,paws_x,xlmr,fft,en_es,ja,0,accuracy,0.7760000228881836
mslt_en_es_paws_x_xlmr_fft,paws_x,xlmr,fft,en_es,ko,0,ece,0.1703396588563919
mslt_en_es_paws_x_xlmr_fft,paws_x,xlmr,fft,en_es,ko,0,accuracy,0.7739999890327454
mslt_en_es_paws_x_xlmr_fft,paws_x,xlmr,fft,en_es,zh,0,ece,0.1291731745004654
mslt_en_es_paws_x_xlmr_fft,paws_x,xlmr,fft,en_es,zh,0,accuracy,0.8130000233650208
mslt_en_es_paws_x_xlmr_fft,paws_x,xlmr,fft,en_es,de,2,ece,0.0296139307320117
mslt_en_es_paws_x_xlmr_fft,paws_x,xlmr,fft,en_es,de,2,accuracy,0.8765000104904175
mslt_en_es_paws_x_xlmr_fft,paws_x,xlmr,fft,en_es,en,2,ece,0.0185780711472034
mslt_en_es_paws_x_xlmr_fft,paws_x,xlmr,fft,en_es,en,2,accuracy,0.9409999847412108
mslt_en_es_paws_x_xlmr_fft,paws_x,xlmr,fft,en_es,es,2,ece,0.0185626558959484
mslt_en_es_paws_x_xlmr_fft,paws_x,xlmr,fft,en_es,es,2,accuracy,0.9014999866485596
mslt_en_es_paws_x_xlmr_fft,paws_x,xlmr,fft,en_es,fr,2,ece,0.0308370515704154
mslt_en_es_paws_x_xlmr_fft,paws_x,xlmr,fft,en_es,fr,2,accuracy,0.9014999866485596
mslt_en_es_paws_x_xlmr_fft,paws_x,xlmr,fft,en_es,ja,2,ece,0.0714893564581871
mslt_en_es_paws_x_xlmr_fft,paws_x,xlmr,fft,en_es,ja,2,accuracy,0.7730000019073486
mslt_en_es_paws_x_xlmr_fft,paws_x,xlmr,fft,en_es,ko,2,ece,0.0791767835617065
mslt_en_es_paws_x_xlmr_fft,paws_x,xlmr,fft,en_es,ko,2,accuracy,0.7695000171661377
mslt_en_es_paws_x_xlmr_fft,paws_x,xlmr,fft,en_es,zh,2,ece,0.0526570864021778
mslt_en_es_paws_x_xlmr_fft,paws_x,xlmr,fft,en_es,zh,2,accuracy,0.8165000081062317
mslt_en_es_paws_x_xlmr_fft,paws_x,xlmr,fft,en_es,de,3,ece,0.0953839719295501
mslt_en_es_paws_x_xlmr_fft,paws_x,xlmr,fft,en_es,de,3,accuracy,0.8794999718666077
mslt_en_es_paws_x_xlmr_fft,paws_x,xlmr,fft,en_es,en,3,ece,0.0416482537984848
mslt_en_es_paws_x_xlmr_fft,paws_x,xlmr,fft,en_es,en,3,accuracy,0.94650000333786
mslt_en_es_paws_x_xlmr_fft,paws_x,xlmr,fft,en_es,es,3,ece,0.0759495347738266
mslt_en_es_paws_x_xlmr_fft,paws_x,xlmr,fft,en_es,es,3,accuracy,0.902999997138977
mslt_en_es_paws_x_xlmr_fft,paws_x,xlmr,fft,en_es,fr,3,ece,0.070284903049469
mslt_en_es_paws_x_xlmr_fft,paws_x,xlmr,fft,en_es,fr,3,accuracy,0.9045000076293944
mslt_en_es_paws_x_xlmr_fft,paws_x,xlmr,fft,en_es,ja,3,ece,0.1755624115467071
mslt_en_es_paws_x_xlmr_fft,paws_x,xlmr,fft,en_es,ja,3,accuracy,0.7684999704360962
mslt_en_es_paws_x_xlmr_fft,paws_x,xlmr,fft,en_es,ko,3,ece,0.1811906695365905
mslt_en_es_paws_x_xlmr_fft,paws_x,xlmr,fft,en_es,ko,3,accuracy,0.7710000276565552
mslt_en_es_paws_x_xlmr_fft,paws_x,xlmr,fft,en_es,zh,3,ece,0.1471609771251678
mslt_en_es_paws_x_xlmr_fft,paws_x,xlmr,fft,en_es,zh,3,accuracy,0.8134999871253967
